State/UT,Total - 2019-20,Total - 2020-21,Total - 2021-22
Andhra Pradesh,35.29,42.15,36.23
Telangana,31.89,38.84,35.38
Karnataka,37.9,45.1,45.61
Kerala,3.53,4.03,3.37
Tamil Nadu,20.83,23.75,24.32
Puducherry,0.21,0.27,0.25
Andaman And Nicobar Islands,0.0,0.0,0.0
Lakshadweep,0.0,0.0,0.0
South Zone Total,129.65,154.14,145.16
Gujarat,38.07,41.17,36.58
Madhya Pradesh,58.81,62.19,59.7
Chattishgarh,15.69,18.2,16.13
Maharashtra,64.33,73.66,70.19
Rajasthan,37.16,37.86,36.62
Goa,0.06,0.07,0.05
Daman And Diu,0.0,0.0,0.0
Dadra And Nagar Haveli,0.01,0.02,0.01
West Zone Total,214.13,233.18,219.28
Haryana,29.19,30.03,28.88
Punjab,39.06,39.42,41.53
Uttar Pradesh,105.17,113.36,106.38
Uttrakhand,3.34,3.26,2.81
Himachal Pradesh,1.19,1.2,1.01
Jammu And Kashmir,1.51,3.46,2.31
Delhi,0.3,0.26,0.3
Chandigarh,0.0,0.0,0.0
North Zone Total,179.76,190.98,183.22
Bihar,36.69,38.55,33.67
Jharkhand,3.66,4.11,4.02
Odisha,11.43,11.97,11.73
West Bengal,32.45,34.6,32.73
East Zone Total,84.22,89.22,82.15
Assam,6.23,6.14,5.99
Tripura,0.55,0.47,0.41
Manipur,0.39,0.33,0.23
Meghalaya,0.0,0.0,0.0
Nagaland,0.01,0.01,0.01
Arunachal Pradesh,0.0,0.0,0.0
Mizoram,0.09,0.02,0.01
Sikkim,0.0,0.0,0.0
North East Total,7.27,6.98,6.65
All India,615.04,674.5,636.44
