crop,n_rows,n_train,n_test,r2,mae,rmse,yield_median
Tapioca,1584,1267,317,0.9484938886875235,2.0239059237704726,3.0706278667400086,11.44375
Black Pepper,903,722,181,0.9191223884545828,0.1681227060379773,0.3173487339868948,0.621875
Tobacco,2637,2109,528,0.9054297955914254,0.33645471855030895,0.5723122367025935,1.1228501228501229
Dry Ginger,2867,2293,574,0.8851502445237072,0.7179843521963781,1.4044687239830835,2.2
Sannhamp,2167,1733,434,0.8555959282913207,0.2720716214191702,0.5252524770785386,0.5
Turmeric,4160,3328,832,0.8341204535913567,0.49411477317101526,0.9136874195338351,2.0
Wheat,7877,6301,1576,0.826944510208036,0.32834987184718817,0.4415788419555975,1.890442063435748
Sweet Potato,4120,3296,824,0.8122918368688942,1.1756934412108209,2.097122478227,8.22160834868017
Coriander,3288,2630,658,0.8108833708493601,0.06976735471783184,0.10719173506355835,0.4782608695652174
Coconut,1956,1564,392,0.8014255115605717,1047.608708511236,2282.4826320152915,42.53
Jute,1407,1125,282,0.7988695566333875,1.3177138945244886,1.9372940466228752,9.333333333333334
Sugarcane,7772,6217,1555,0.7958472780148017,8.773326758989196,12.917206371310458,52.97412634408602
Garlic,3205,2564,641,0.7944205495217781,0.5170992584587929,0.9058479614302098,2.875
Onion,6964,5571,1393,0.7693797393338402,2.2716497059997063,3.5439639616697383,10.295439691027926
Cashewnut,1054,843,211,0.7676738735812693,0.08294063495104557,0.1311070024835907,0.3893397319307515
Potato,6910,5528,1382,0.7617945114653997,2.4509563344457277,3.425971122372699,10.828157744332254
Ragi,4111,3288,823,0.7550422348141314,0.21872284671423015,0.32296652499654804,1.064003415033261
Castor Seed,3224,2579,645,0.751926470713629,0.1527954763316829,0.23711709590464466,0.5
Niger Seed,2007,1605,402,0.7487747868879981,0.052513343994444,0.08624646292996246,0.2857142857142857
Dry Chillies,6239,4991,1248,0.744542238996134,0.29900071223965485,0.47693147665040575,0.9050991501416432
Mesta,1768,1414,354,0.7402948077910055,0.934403596376083,1.7395896711113632,5.0
Barley,4110,3288,822,0.7387804029521894,0.3225895707893347,0.45341416252977584,1.6719187307768162
Arecanut,1352,1081,271,0.734041325901974,0.30627492827626446,0.48239235636106925,1.0843434343434344
Other Cereals & Millets,603,482,121,0.7336125752848752,0.14312637001722028,0.1994240398921607,0.8095238095238095
Sunflower,5475,4380,1095,0.7332610688171939,0.19003081579375924,0.2765338742283067,0.8
Horse-Gram,3814,3051,763,0.7322286425440756,0.08500071152496055,0.11980580672667619,0.4
Guar Seed,1222,977,245,0.717970543426133,0.08804257143751679,0.1521358130201279,0.8145013902080265
Cotton(Lint),4356,3484,872,0.7128707357149078,0.39941477528385144,0.5983432510955665,1.3601196963092126
Rapeseed &Mustard,7509,6007,1502,0.7128691774734699,0.160629619923529,0.2274785186221839,0.7132271211559837
Banana,3131,2504,627,0.7123239860552948,5.256492885676575,9.576444144502638,21.80427631578948
Rice,15068,12054,3014,0.7029222134573987,0.38008474349807997,0.5104804185349305,1.9376762084760342
Sesamum,8803,7042,1761,0.6975918087800579,0.0914052583015479,0.13327928108683396,0.3333333333333333
Linseed,4335,3468,867,0.6850422845923299,0.08586331266670853,0.1378517188596252,0.4605489719436847
Bajra,5372,4297,1075,0.6822516436878379,0.2599418842320498,0.3636046878949084,1.0323136052608193
Cowpea(Lobia),541,432,109,0.6742456229004734,0.10976174986713282,0.17574758695176407,0.3707865168539326
Maize,13643,10914,2729,0.6703092103409052,0.4665785198711651,0.6853855591851212,1.7796610169491525
Other Oilseeds,564,451,113,0.6667028895319325,0.11847781547619063,0.1876899857569214,0.5
Moth,786,628,158,0.6527420146492133,0.09846526786154515,0.14953512465838156,0.3333333333333333
Small Millets,4571,3656,915,0.6402978902777019,0.1347523461401023,0.19914328369477052,0.6
Peas & Beans (Pulses),4200,3360,840,0.6342593434366226,0.17289568625746043,0.2678736406068127,0.9238209285187914
Other  Rabi Pulses,3059,2447,612,0.6315899714688915,0.13824098105376,0.21276586896672106,0.5333333333333333
Safflower,1300,1040,260,0.6127890475498785,0.12404898853710167,0.1640517290381929,0.5
Other Kharif Pulses,3524,2819,705,0.6117395717818088,0.11725091736174144,0.18071623224956085,0.44360533553287684
Moong(Green Gram),10084,8067,2017,0.5970022800746397,0.10701777018821067,0.15172684355030952,0.4210526315789473
Groundnut,8708,6966,1742,0.588556773138104,0.25159686643202517,0.3499193012020626,1.0378424311533805
Urad,9691,7752,1939,0.5767029647902445,0.10935699964480586,0.15392043292994223,0.4611650485436893
Gram,7199,5759,1440,0.5587915183605793,0.1650331451525817,0.22367953262143794,0.8009950248756219
Masoor,4123,3298,825,0.5321324365077418,0.13822633584932503,0.21355465674089916,0.6756756756756757
Jowar,6914,5531,1383,0.5279678614903831,0.2508930887299189,0.35681118512590404,0.9563852092819198
Arhar/Tur,7425,5940,1485,0.5278549634217563,0.1814936045354698,0.2539532643569485,0.7280068913535049
Soyabean,3166,2532,634,0.4991859437376184,0.21387654258741895,0.29502132511430573,1.0
Khesari,1353,1082,271,0.45633009304863115,0.17528020460477572,0.22982704487916172,0.7690645260882989
