State/UT,Year,Pesticide_Consumption
Andhra Pradesh,2015-16,2713.0
Bihar,2015-16,831.0
Chhattisgarh,2015-16,1625.0
Goa,2015-16,48.0
Gujarat,2015-16,1980.0
Haryana,2015-16,4100.0
Himachal Pradesh,2015-16,450.0
Jharkhand,2015-16,493.0
Karnataka,2015-16,1434.0
Kerala,2015-16,1123.0
Madhya Pradesh,2015-16,732.0
Maharashtra,2015-16,11665.0
Orissa,2015-16,994.0
Punjab,2015-16,5743.0
Rajasthan,2015-16,2475.0
Tamil Nadu,2015-16,2096.0
Telangana,2015-16,993.0
Uttar Pradesh,2015-16,10457.0
Uttarakhand,2015-16,217.0
West Bengal,2015-16,3712.0
Sub Total,2015-16,53881.0
North-Eastern - Arunachal Pradesh,2015-16,17.0
North-Eastern - Assam,2015-16,185.0
North-Eastern - Manipur,2015-16,30.0
North-Eastern - Meghalaya,2015-16,
North-Eastern - Mizoram,2015-16,
North-Eastern - Nagaland,2015-16,20.0
North-Eastern - Sikkim,2015-16,
North-Eastern - Tripura,2015-16,293.0
Sub Total (North-Eastern),2015-16,544.0
Ut - Andaman & Nicobar Islands,2015-16,
Ut - Chandigarh,2015-16,
Ut - Dadra & Nagar Haveli,2015-16,
Ut - Daman & Diu,2015-16,
Ut - Delhi,2015-16,
Ut - Jammu & Kashmir,2015-16,2251.0
Ut - Ladakh,2015-16,
Ut - Lakshadweep,2015-16,
Ut - Pondicherry*,2015-16,43.0
Sub Total (Ut),2015-16,2295.0
Grand Total,2015-16,56720.0
Andhra Pradesh,2016-17,2015.0
Bihar,2016-17,790.0
Chhattisgarh,2016-17,1660.0
Goa,2016-17,22.0
Gujarat,2016-17,1713.0
Haryana,2016-17,4050.0
Himachal Pradesh,2016-17,341.0
Jharkhand,2016-17,541.0
Karnataka,2016-17,1288.0
Kerala,2016-17,895.0
Madhya Pradesh,2016-17,694.0
Maharashtra,2016-17,13496.0
Orissa,2016-17,1050.0
Punjab,2016-17,5843.0
Rajasthan,2016-17,2269.0
Tamil Nadu,2016-17,2092.0
Telangana,2016-17,3436.0
Uttar Pradesh,2016-17,10614.0
Uttarakhand,2016-17,198.0
West Bengal,2016-17,2624.0
Sub Total,2016-17,55631.0
North-Eastern - Arunachal Pradesh,2016-17,18.0
North-Eastern - Assam,2016-17,306.0
North-Eastern - Manipur,2016-17,33.0
North-Eastern - Meghalaya,2016-17,
North-Eastern - Mizoram,2016-17,9.0
North-Eastern - Nagaland,2016-17,20.0
North-Eastern - Sikkim,2016-17,
North-Eastern - Tripura,2016-17,298.0
Sub Total (North-Eastern),2016-17,684.0
Ut - Andaman & Nicobar Islands,2016-17,
Ut - Chandigarh,2016-17,
Ut - Dadra & Nagar Haveli,2016-17,
Ut - Daman & Diu,2016-17,
Ut - Delhi,2016-17,88.0
Ut - Jammu & Kashmir,2016-17,2188.0
Ut - Ladakh,2016-17,
Ut - Lakshadweep,2016-17,
Ut - Pondicherry*,2016-17,43.0
Sub Total (Ut),2016-17,2319.0
Grand Total,2016-17,58634.0
Andhra Pradesh,2017-18,1738.0
Bihar,2017-18,840.0
Chhattisgarh,2017-18,1685.0
Goa,2017-18,24.0
Gujarat,2017-18,1692.0
Haryana,2017-18,4025.0
Himachal Pradesh,2017-18,467.0
Jharkhand,2017-18,619.0
Karnataka,2017-18,1502.0
Kerala,2017-18,1067.0
Madhya Pradesh,2017-18,502.0
Maharashtra,2017-18,15568.0
Orissa,2017-18,1633.0
Punjab,2017-18,5835.0
Rajasthan,2017-18,2307.0
Tamil Nadu,2017-18,1929.0
Telangana,2017-18,4866.0
Uttar Pradesh,2017-18,10824.0
Uttarakhand,2017-18,210.0
West Bengal,2017-18,2982.0
Sub Total,2017-18,60316.0
North-Eastern - Arunachal Pradesh,2017-18,
North-Eastern - Assam,2017-18,241.0
North-Eastern - Manipur,2017-18,27.0
North-Eastern - Meghalaya,2017-18,
North-Eastern - Mizoram,2017-18,
North-Eastern - Nagaland,2017-18,20.0
North-Eastern - Sikkim,2017-18,
North-Eastern - Tripura,2017-18,330.0
Sub Total (North-Eastern),2017-18,617.0
Ut - Andaman & Nicobar Islands,2017-18,
Ut - Chandigarh,2017-18,
Ut - Dadra & Nagar Haveli,2017-18,
Ut - Daman & Diu,2017-18,
Ut - Delhi,2017-18,
Ut - Jammu & Kashmir,2017-18,2430.0
Ut - Ladakh,2017-18,
Ut - Lakshadweep,2017-18,
Ut - Pondicherry*,2017-18,43.0
Sub Total (Ut),2017-18,2473.0
Grand Total,2017-18,63406.0
Andhra Pradesh,2018-19,1689.0
Bihar,2018-19,850.0
Chhattisgarh,2018-19,1770.0
Goa,2018-19,25.0
Gujarat,2018-19,1608.0
Haryana,2018-19,4015.0
Himachal Pradesh,2018-19,322.0
Jharkhand,2018-19,646.0
Karnataka,2018-19,1524.0
Kerala,2018-19,995.0
Madhya Pradesh,2018-19,540.0
Maharashtra,2018-19,11746.0
Orissa,2018-19,1609.0
Punjab,2018-19,5543.0
Rajasthan,2018-19,2290.0
Tamil Nadu,2018-19,1901.0
Telangana,2018-19,4894.0
Uttar Pradesh,2018-19,11049.0
Uttarakhand,2018-19,195.0
West Bengal,2018-19,3190.0
Sub Total,2018-19,56402.0
North-Eastern - Arunachal Pradesh,2018-19,5.0
North-Eastern - Assam,2018-19,256.0
North-Eastern - Manipur,2018-19,
North-Eastern - Meghalaya,2018-19,
North-Eastern - Mizoram,2018-19,26.0
North-Eastern - Nagaland,2018-19,21.0
North-Eastern - Sikkim,2018-19,
North-Eastern - Tripura,2018-19,349.0
Sub Total (North-Eastern),2018-19,657.0
Ut - Andaman & Nicobar Islands,2018-19,
Ut - Chandigarh,2018-19,
Ut - Dadra & Nagar Haveli,2018-19,
Ut - Daman & Diu,2018-19,
Ut - Delhi,2018-19,110.0
Ut - Jammu & Kashmir,2018-19,2459.0
Ut - Ladakh,2018-19,
Ut - Lakshadweep,2018-19,
Ut - Pondicherry*,2018-19,42.0
Sub Total (Ut),2018-19,2611.0
Grand Total,2018-19,59670.0
Andhra Pradesh,2019-20,1559.0
Bihar,2019-20,850.0
Chhattisgarh,2019-20,1672.0
Goa,2019-20,30.0
Gujarat,2019-20,1784.0
Haryana,2019-20,4200.0
Himachal Pradesh,2019-20,881.0
Jharkhand,2019-20,681.0
Karnataka,2019-20,1568.0
Kerala,2019-20,656.0
Madhya Pradesh,2019-20,540.0
Maharashtra,2019-20,12783.0
Orissa,2019-20,1115.0
Punjab,2019-20,4995.0
Rajasthan,2019-20,2088.0
Tamil Nadu,2019-20,2225.0
Telangana,2019-20,4915.0
Uttar Pradesh,2019-20,12217.0
Uttarakhand,2019-20,224.0
West Bengal,2019-20,3630.0
Sub Total,2019-20,58613.0
North-Eastern - Arunachal Pradesh,2019-20,5.0
North-Eastern - Assam,2019-20,410.0
North-Eastern - Manipur,2019-20,25.0
North-Eastern - Meghalaya,2019-20,
North-Eastern - Mizoram,2019-20,27.0
North-Eastern - Nagaland,2019-20,19.0
North-Eastern - Sikkim,2019-20,
North-Eastern - Tripura,2019-20,364.0
Sub Total (North-Eastern),2019-20,851.0
Ut - Andaman & Nicobar Islands,2019-20,
Ut - Chandigarh,2019-20,
Ut - Dadra & Nagar Haveli,2019-20,
Ut - Daman & Diu,2019-20,
Ut - Delhi,2019-20,
Ut - Jammu & Kashmir,2019-20,2198.0
Ut - Ladakh,2019-20,
Ut - Lakshadweep,2019-20,
Ut - Pondicherry*,2019-20,40.0
Sub Total (Ut),2019-20,2238.0
Grand Total,2019-20,61702.0
