Station Name,Month,Period,No. of Years,Mean Rainfall in mm,Annual_Rainfall,Average_Rainfall,Rainy_Months_Count
Abu,January,1901-2000,100,5.3,5.3,5.3,1
Abu,February,1901-2000,100,4.4,4.4,4.4,1
Abu,March,1901-2000,100,6.5,6.5,6.5,1
Abu,April,1901-2000,100,2.6,2.6,2.6,1
Abu,May,1901-2000,100,16.4,16.4,16.4,1
Abu,June,1901-2000,100,101.6,101.6,101.6,1
Abu,July,1901-2000,100,573.2,573.2,573.2,1
Abu,August,1901-2000,100,600.3,600.3,600.3,1
Abu,September,1901-2000,100,214.2,214.2,214.2,1
Abu,October,1901-2000,100,19.4,19.4,19.4,1
Abu,November,1901-2000,100,7.9,7.9,7.9,1
Abu,December,1901-2000,100,2.4,2.4,2.4,0
Agartala (A),January,1953-2000,43,27.5,27.5,27.5,1
Agartala (A),February,1953-2000,43,21.5,21.5,21.5,1
Agartala (A),March,1953-2000,43,60.7,60.7,60.7,1
Agartala (A),April,1953-2000,43,199.7,199.7,199.7,1
Agartala (A),May,1953-2000,43,329.9,329.9,329.9,1
Agartala (A),June,1953-2000,43,393.4,393.4,393.4,1
Agartala (A),July,1953-2000,43,363.1,363.1,363.1,1
Agartala (A),August,1953-2000,43,298.7,298.7,298.7,1
Agartala (A),September,1953-2000,43,232.4,232.4,232.4,1
Agartala (A),October,1953-2000,43,162.5,162.5,162.5,1
Agartala (A),November,1953-2000,43,46.0,46.0,46.0,1
Agartala (A),December,1953-2000,43,10.6,10.6,10.6,1
Agra,January,1901-2000,100,13.2,13.2,13.2,1
Agra,February,1901-2000,100,17.6,17.6,17.6,1
Agra,March,1901-2000,100,9.3,9.3,9.3,1
Agra,April,1901-2000,100,6.3,6.3,6.3,1
Agra,May,1901-2000,100,11.3,11.3,11.3,1
Agra,June,1901-2000,100,55.7,55.7,55.7,1
Agra,July,1901-2000,100,203.3,203.3,203.3,1
Agra,August,1901-2000,100,243.2,243.2,243.2,1
Agra,September,1901-2000,100,129.7,129.7,129.7,1
Agra,October,1901-2000,100,24.8,24.8,24.8,1
Agra,November,1901-2000,100,4.3,4.3,4.3,1
Agra,December,1901-2000,100,6.1,6.1,6.1,1
Ahmedabad,January,1901-2000,100,2.1,2.1,2.1,0
Ahmedabad,February,1901-2000,100,1.2,1.2,1.2,0
Ahmedabad,March,1901-2000,100,1.1,1.1,1.1,0
Ahmedabad,April,1901-2000,100,1.9,1.9,1.9,0
Ahmedabad,May,1901-2000,100,9.1,9.1,9.1,1
Ahmedabad,June,1901-2000,100,97.4,97.4,97.4,1
Ahmedabad,July,1901-2000,100,309.8,309.8,309.8,1
Ahmedabad,August,1901-2000,100,213.8,213.8,213.8,1
Ahmedabad,September,1901-2000,100,126.6,126.6,126.6,1
Ahmedabad,October,1901-2000,100,13.5,13.5,13.5,1
Ahmedabad,November,1901-2000,100,6.1,6.1,6.1,1
Ahmedabad,December,1901-2000,100,1.7,1.7,1.7,0
Aijal/Aizwal,January,1937-1992,34,13.4,13.4,13.4,1
Aijal/Aizwal,February,1937-1992,34,23.4,23.4,23.4,1
Aijal/Aizwal,March,1937-1992,34,73.4,73.4,73.4,1
Aijal/Aizwal,April,1937-1992,34,167.7,167.7,167.7,1
Aijal/Aizwal,May,1937-1992,34,289.0,289.0,289.0,1
Aijal/Aizwal,June,1937-1992,34,406.1,406.1,406.1,1
Aijal/Aizwal,July,1937-1992,34,320.4,320.4,320.4,1
Aijal/Aizwal,August,1937-1992,34,320.6,320.6,320.6,1
Aijal/Aizwal,September,1937-1992,34,305.2,305.2,305.2,1
Aijal/Aizwal,October,1937-1992,34,183.7,183.7,183.7,1
Aijal/Aizwal,November,1937-1992,34,43.2,43.2,43.2,1
Aijal/Aizwal,December,1937-1992,34,15.3,15.3,15.3,1
Ajmer,January,1901-2000,100,7.3,7.3,7.3,1
Ajmer,February,1901-2000,100,6.0,6.0,6.0,1
Ajmer,March,1901-2000,100,5.0,5.0,5.0,1
Ajmer,April,1901-2000,100,4.0,4.0,4.0,1
Ajmer,May,1901-2000,100,15.7,15.7,15.7,1
Ajmer,June,1901-2000,100,58.1,58.1,58.1,1
Ajmer,July,1901-2000,100,181.5,181.5,181.5,1
Ajmer,August,1901-2000,100,157.5,157.5,157.5,1
Ajmer,September,1901-2000,100,73.0,73.0,73.0,1
Ajmer,October,1901-2000,100,13.1,13.1,13.1,1
Ajmer,November,1901-2000,100,4.0,4.0,4.0,1
Ajmer,December,1901-2000,100,3.8,3.8,3.8,1
Akola (A),January,1961-2000,40,10.4,10.4,10.4,1
Akola (A),February,1961-2000,40,8.1,8.1,8.1,1
Akola (A),March,1961-2000,40,10.0,10.0,10.0,1
Akola (A),April,1961-2000,40,4.1,4.1,4.1,1
Akola (A),May,1961-2000,40,9.8,9.8,9.8,1
Akola (A),June,1961-2000,40,144.9,144.9,144.9,1
Akola (A),July,1961-2000,40,217.2,217.2,217.2,1
Akola (A),August,1961-2000,40,196.6,196.6,196.6,1
Akola (A),September,1961-2000,40,122.7,122.7,122.7,1
Akola (A),October,1961-2000,40,47.7,47.7,47.7,1
Akola (A),November,1961-2000,40,18.7,18.7,18.7,1
Akola (A),December,1961-2000,40,12.1,12.1,12.1,1
Allahabad,January,1901-2000,100,17.9,17.9,17.9,1
Allahabad,February,1901-2000,100,17.3,17.3,17.3,1
Allahabad,March,1901-2000,100,9.6,9.6,9.6,1
Allahabad,April,1901-2000,100,5.5,5.5,5.5,1
Allahabad,May,1901-2000,100,8.8,8.8,8.8,1
Allahabad,June,1901-2000,100,88.8,88.8,88.8,1
Allahabad,July,1901-2000,100,280.9,280.9,280.9,1
Allahabad,August,1901-2000,100,296.1,296.1,296.1,1
Allahabad,September,1901-2000,100,185.0,185.0,185.0,1
Allahabad,October,1901-2000,100,36.6,36.6,36.6,1
Allahabad,November,1901-2000,100,9.3,9.3,9.3,1
Allahabad,December,1901-2000,100,7.0,7.0,7.0,1
Ambikapur,January,1951-2000,49,22.6,22.6,22.6,1
Ambikapur,February,1951-2000,49,22.5,22.5,22.5,1
Ambikapur,March,1951-2000,49,18.4,18.4,18.4,1
Ambikapur,April,1951-2000,49,13.0,13.0,13.0,1
Ambikapur,May,1951-2000,49,19.4,19.4,19.4,1
Ambikapur,June,1951-2000,49,211.2,211.2,211.2,1
Ambikapur,July,1951-2000,49,428.3,428.3,428.3,1
Ambikapur,August,1951-2000,49,389.8,389.8,389.8,1
Ambikapur,September,1951-2000,49,227.2,227.2,227.2,1
Ambikapur,October,1951-2000,49,56.8,56.8,56.8,1
Ambikapur,November,1951-2000,49,9.7,9.7,9.7,1
Ambikapur,December,1951-2000,49,6.5,6.5,6.5,1
Amini Divi,January,1901-2000,97,15.9,15.9,15.9,1
Amini Divi,February,1901-2000,97,2.9,2.9,2.9,1
Amini Divi,March,1901-2000,97,3.8,3.8,3.8,1
Amini Divi,April,1901-2000,97,22.6,22.6,22.6,1
Amini Divi,May,1901-2000,97,131.1,131.1,131.1,1
Amini Divi,June,1901-2000,97,371.1,371.1,371.1,1
Amini Divi,July,1901-2000,97,314.5,314.5,314.5,1
Amini Divi,August,1901-2000,97,214.0,214.0,214.0,1
Amini Divi,September,1901-2000,97,149.9,149.9,149.9,1
Amini Divi,October,1901-2000,97,139.2,139.2,139.2,1
Amini Divi,November,1901-2000,97,88.6,88.6,88.6,1
Amini Divi,December,1901-2000,97,38.5,38.5,38.5,1
Amritsar (Rajasansi),January,1948-2000,53,28.3,28.3,28.3,1
Amritsar (Rajasansi),February,1948-2000,53,29.2,29.2,29.2,1
Amritsar (Rajasansi),March,1948-2000,53,34.8,34.8,34.8,1
Amritsar (Rajasansi),April,1948-2000,53,19.3,19.3,19.3,1
Amritsar (Rajasansi),May,1948-2000,53,19.6,19.6,19.6,1
Amritsar (Rajasansi),June,1948-2000,53,51.7,51.7,51.7,1
Amritsar (Rajasansi),July,1948-2000,53,224.7,224.7,224.7,1
Amritsar (Rajasansi),August,1948-2000,53,174.5,174.5,174.5,1
Amritsar (Rajasansi),September,1948-2000,53,94.6,94.6,94.6,1
Amritsar (Rajasansi),October,1948-2000,53,21.3,21.3,21.3,1
Amritsar (Rajasansi),November,1948-2000,53,5.7,5.7,5.7,1
Amritsar (Rajasansi),December,1948-2000,53,14.6,14.6,14.6,1
Anantpur,January,1946-2000,55,0.9,0.9,0.9,0
Anantpur,February,1946-2000,55,1.3,1.3,1.3,0
Anantpur,March,1946-2000,55,4.7,4.7,4.7,1
Anantpur,April,1946-2000,55,16.9,16.9,16.9,1
Anantpur,May,1946-2000,55,55.0,55.0,55.0,1
Anantpur,June,1946-2000,55,55.8,55.8,55.8,1
Anantpur,July,1946-2000,55,62.7,62.7,62.7,1
Anantpur,August,1946-2000,55,75.3,75.3,75.3,1
Anantpur,September,1946-2000,55,133.2,133.2,133.2,1
Anantpur,October,1946-2000,55,104.7,104.7,104.7,1
Anantpur,November,1946-2000,55,37.8,37.8,37.8,1
Anantpur,December,1946-2000,55,11.2,11.2,11.2,1
Androth,January,1965-1979,11,10.5,10.5,10.5,1
Androth,February,1965-1979,11,2.4,2.4,2.4,0
Androth,March,1965-1979,11,6.0,6.0,6.0,1
Androth,April,1965-1979,11,25.9,25.9,25.9,1
Androth,May,1965-1979,11,130.4,130.4,130.4,1
Androth,June,1965-1979,11,401.7,401.7,401.7,1
Androth,July,1965-1979,11,486.1,486.1,486.1,1
Androth,August,1965-1979,11,238.6,238.6,238.6,1
Androth,September,1965-1979,11,182.2,182.2,182.2,1
Androth,October,1965-1979,11,166.5,166.5,166.5,1
Androth,November,1965-1979,11,129.8,129.8,129.8,1
Androth,December,1965-1979,11,90.2,90.2,90.2,1
Aurangabad,January,1952-2000,49,11.3,11.3,11.3,1
Aurangabad,February,1952-2000,49,2.7,2.7,2.7,1
Aurangabad,March,1952-2000,49,5.6,5.6,5.6,1
Aurangabad,April,1952-2000,49,3.9,3.9,3.9,1
Aurangabad,May,1952-2000,49,26.2,26.2,26.2,1
Aurangabad,June,1952-2000,49,132.2,132.2,132.2,1
Aurangabad,July,1952-2000,49,157.9,157.9,157.9,1
Aurangabad,August,1952-2000,49,152.7,152.7,152.7,1
Aurangabad,September,1952-2000,49,146.0,146.0,146.0,1
Aurangabad,October,1952-2000,49,62.1,62.1,62.1,1
Aurangabad,November,1952-2000,49,26.8,26.8,26.8,1
Aurangabad,December,1952-2000,49,12.0,12.0,12.0,1
Balasore,January,1901-2000,97,17.0,17.0,17.0,1
Balasore,February,1901-2000,97,36.3,36.3,36.3,1
Balasore,March,1901-2000,97,39.4,39.4,39.4,1
Balasore,April,1901-2000,97,54.8,54.8,54.8,1
Balasore,May,1901-2000,97,108.6,108.6,108.6,1
Balasore,June,1901-2000,97,233.4,233.4,233.4,1
Balasore,July,1901-2000,97,297.9,297.9,297.9,1
Balasore,August,1901-2000,97,318.3,318.3,318.3,1
Balasore,September,1901-2000,97,275.8,275.8,275.8,1
Balasore,October,1901-2000,97,184.0,184.0,184.0,1
Balasore,November,1901-2000,97,41.6,41.6,41.6,1
Balasore,December,1901-2000,97,6.5,6.5,6.5,1
Bangalore,January,1901-2000,100,4.9,4.9,4.9,1
Bangalore,February,1901-2000,100,7.9,7.9,7.9,1
Bangalore,March,1901-2000,100,10.0,10.0,10.0,1
Bangalore,April,1901-2000,100,43.9,43.9,43.9,1
Bangalore,May,1901-2000,100,111.9,111.9,111.9,1
Bangalore,June,1901-2000,100,79.7,79.7,79.7,1
Bangalore,July,1901-2000,100,109.7,109.7,109.7,1
Bangalore,August,1901-2000,100,138.8,138.8,138.8,1
Bangalore,September,1901-2000,100,185.9,185.9,185.9,1
Bangalore,October,1901-2000,100,161.7,161.7,161.7,1
Bangalore,November,1901-2000,100,59.2,59.2,59.2,1
Bangalore,December,1901-2000,100,17.4,17.4,17.4,1
Bareilly,January,1901-2000,97,22.9,22.9,22.9,1
Bareilly,February,1901-2000,97,25.3,25.3,25.3,1
Bareilly,March,1901-2000,97,14.5,14.5,14.5,1
Bareilly,April,1901-2000,97,8.9,8.9,8.9,1
Bareilly,May,1901-2000,97,19.3,19.3,19.3,1
Bareilly,June,1901-2000,97,106.4,106.4,106.4,1
Bareilly,July,1901-2000,97,307.0,307.0,307.0,1
Bareilly,August,1901-2000,97,290.9,290.9,290.9,1
Bareilly,September,1901-2000,97,186.1,186.1,186.1,1
Bareilly,October,1901-2000,97,44.9,44.9,44.9,1
Bareilly,November,1901-2000,97,3.9,3.9,3.9,1
Bareilly,December,1901-2000,97,9.7,9.7,9.7,1
Baroda (A),January,1952-2000,48,2.2,2.2,2.2,0
Baroda (A),February,1952-2000,48,0.7,0.7,0.7,0
Baroda (A),March,1952-2000,48,0.7,0.7,0.7,0
Baroda (A),April,1952-2000,48,1.4,1.4,1.4,0
Baroda (A),May,1952-2000,48,6.1,6.1,6.1,1
Baroda (A),June,1952-2000,48,118.9,118.9,118.9,1
Baroda (A),July,1952-2000,48,274.6,274.6,274.6,1
Baroda (A),August,1952-2000,48,242.4,242.4,242.4,1
Baroda (A),September,1952-2000,48,124.2,124.2,124.2,1
Baroda (A),October,1952-2000,48,26.4,26.4,26.4,1
Baroda (A),November,1952-2000,48,13.3,13.3,13.3,1
Baroda (A),December,1952-2000,48,3.7,3.7,3.7,1
Belgaum Samra,January,1952-2000,49,1.1,1.1,1.1,0
Belgaum Samra,February,1952-2000,49,2.1,2.1,2.1,0
Belgaum Samra,March,1952-2000,49,10.6,10.6,10.6,1
Belgaum Samra,April,1952-2000,49,45.1,45.1,45.1,1
Belgaum Samra,May,1952-2000,49,89.8,89.8,89.8,1
Belgaum Samra,June,1952-2000,49,166.1,166.1,166.1,1
Belgaum Samra,July,1952-2000,49,268.9,268.9,268.9,1
Belgaum Samra,August,1952-2000,49,157.4,157.4,157.4,1
Belgaum Samra,September,1952-2000,49,109.3,109.3,109.3,1
Belgaum Samra,October,1952-2000,49,124.9,124.9,124.9,1
Belgaum Samra,November,1952-2000,49,34.2,34.2,34.2,1
Belgaum Samra,December,1952-2000,49,5.6,5.6,5.6,1
Bhagalpur,January,1901-1999,56,18.2,18.2,18.2,1
Bhagalpur,February,1901-1999,56,11.4,11.4,11.4,1
Bhagalpur,March,1901-1999,56,10.3,10.3,10.3,1
Bhagalpur,April,1901-1999,56,21.5,21.5,21.5,1
Bhagalpur,May,1901-1999,56,63.0,63.0,63.0,1
Bhagalpur,June,1901-1999,56,187.4,187.4,187.4,1
Bhagalpur,July,1901-1999,56,264.5,264.5,264.5,1
Bhagalpur,August,1901-1999,56,240.7,240.7,240.7,1
Bhagalpur,September,1901-1999,56,211.6,211.6,211.6,1
Bhagalpur,October,1901-1999,56,83.2,83.2,83.2,1
Bhagalpur,November,1901-1999,56,5.4,5.4,5.4,1
Bhagalpur,December,1901-1999,56,3.3,3.3,3.3,1
Bhatinda,January,1959-1984,24,11.4,11.4,11.4,1
Bhatinda,February,1959-1984,24,13.2,13.2,13.2,1
Bhatinda,March,1959-1984,24,23.5,23.5,23.5,1
Bhatinda,April,1959-1984,24,8.8,8.8,8.8,1
Bhatinda,May,1959-1984,24,14.8,14.8,14.8,1
Bhatinda,June,1959-1984,24,34.1,34.1,34.1,1
Bhatinda,July,1959-1984,24,133.1,133.1,133.1,1
Bhatinda,August,1959-1984,24,120.2,120.2,120.2,1
Bhatinda,September,1959-1984,24,47.0,47.0,47.0,1
Bhatinda,October,1959-1984,24,7.8,7.8,7.8,1
Bhatinda,November,1959-1984,24,7.7,7.7,7.7,1
Bhatinda,December,1959-1984,24,6.8,6.8,6.8,1
Bhopal (Bairagarh),January,1949-2000,52,13.2,13.2,13.2,1
Bhopal (Bairagarh),February,1949-2000,52,8.7,8.7,8.7,1
Bhopal (Bairagarh),March,1949-2000,52,8.4,8.4,8.4,1
Bhopal (Bairagarh),April,1949-2000,52,4.3,4.3,4.3,1
Bhopal (Bairagarh),May,1949-2000,52,11.7,11.7,11.7,1
Bhopal (Bairagarh),June,1949-2000,52,120.2,120.2,120.2,1
Bhopal (Bairagarh),July,1949-2000,52,354.1,354.1,354.1,1
Bhopal (Bairagarh),August,1949-2000,52,363.3,363.3,363.3,1
Bhopal (Bairagarh),September,1949-2000,52,185.1,185.1,185.1,1
Bhopal (Bairagarh),October,1949-2000,52,31.0,31.0,31.0,1
Bhopal (Bairagarh),November,1949-2000,52,12.1,12.1,12.1,1
Bhopal (Bairagarh),December,1949-2000,52,11.0,11.0,11.0,1
Bhubaneshwar (A),January,1952-2000,49,13.1,13.1,13.1,1
Bhubaneshwar (A),February,1952-2000,49,25.5,25.5,25.5,1
Bhubaneshwar (A),March,1952-2000,49,25.2,25.2,25.2,1
Bhubaneshwar (A),April,1952-2000,49,30.8,30.8,30.8,1
Bhubaneshwar (A),May,1952-2000,49,68.2,68.2,68.2,1
Bhubaneshwar (A),June,1952-2000,49,204.9,204.9,204.9,1
Bhubaneshwar (A),July,1952-2000,49,326.2,326.2,326.2,1
Bhubaneshwar (A),August,1952-2000,49,366.8,366.8,366.8,1
Bhubaneshwar (A),September,1952-2000,49,256.3,256.3,256.3,1
Bhubaneshwar (A),October,1952-2000,49,190.7,190.7,190.7,1
Bhubaneshwar (A),November,1952-2000,49,41.7,41.7,41.7,1
Bhubaneshwar (A),December,1952-2000,49,4.9,4.9,4.9,1
Bhuj (Rudramata),January,1953-2000,47,2.0,2.0,2.0,0
Bhuj (Rudramata),February,1953-2000,47,1.5,1.5,1.5,0
Bhuj (Rudramata),March,1953-2000,47,2.1,2.1,2.1,0
Bhuj (Rudramata),April,1953-2000,47,1.1,1.1,1.1,0
Bhuj (Rudramata),May,1953-2000,47,7.5,7.5,7.5,1
Bhuj (Rudramata),June,1953-2000,47,38.0,38.0,38.0,1
Bhuj (Rudramata),July,1953-2000,47,125.7,125.7,125.7,1
Bhuj (Rudramata),August,1953-2000,47,103.5,103.5,103.5,1
Bhuj (Rudramata),September,1953-2000,47,63.1,63.1,63.1,1
Bhuj (Rudramata),October,1953-2000,47,19.7,19.7,19.7,1
Bhuj (Rudramata),November,1953-2000,47,8.5,8.5,8.5,1
Bhuj (Rudramata),December,1953-2000,47,1.0,1.0,1.0,0
Bikaner,January,1901-2000,97,5.7,5.7,5.7,1
Bikaner,February,1901-2000,97,7.8,7.8,7.8,1
Bikaner,March,1901-2000,97,6.3,6.3,6.3,1
Bikaner,April,1901-2000,97,11.9,11.9,11.9,1
Bikaner,May,1901-2000,97,15.9,15.9,15.9,1
Bikaner,June,1901-2000,97,33.0,33.0,33.0,1
Bikaner,July,1901-2000,97,91.1,91.1,91.1,1
Bikaner,August,1901-2000,97,82.6,82.6,82.6,1
Bikaner,September,1901-2000,97,40.8,40.8,40.8,1
Bikaner,October,1901-2000,97,10.1,10.1,10.1,1
Bikaner,November,1901-2000,97,1.9,1.9,1.9,0
Bikaner,December,1901-2000,97,3.0,3.0,3.0,1
Cannanore,January,1978-2000,22,4.8,4.8,4.8,1
Cannanore,February,1978-2000,22,0.2,0.2,0.2,0
Cannanore,March,1978-2000,22,52.3,52.3,52.3,1
Cannanore,April,1978-2000,22,41.7,41.7,41.7,1
Cannanore,May,1978-2000,22,206.6,206.6,206.6,1
Cannanore,June,1978-2000,22,1048.1,1048.1,1048.1,1
Cannanore,July,1978-2000,22,875.5,875.5,875.5,1
Cannanore,August,1978-2000,22,574.4,574.4,574.4,1
Cannanore,September,1978-2000,22,200.8,200.8,200.8,1
Cannanore,October,1978-2000,22,221.7,221.7,221.7,1
Cannanore,November,1978-2000,22,103.3,103.3,103.3,1
Cannanore,December,1978-2000,22,36.5,36.5,36.5,1
Chandigarh,January,1954-1977,24,46.6,46.6,46.6,1
Chandigarh,February,1954-1977,24,33.9,33.9,33.9,1
Chandigarh,March,1954-1977,24,29.3,29.3,29.3,1
Chandigarh,April,1954-1977,24,11.3,11.3,11.3,1
Chandigarh,May,1954-1977,24,24.2,24.2,24.2,1
Chandigarh,June,1954-1977,24,112.6,112.6,112.6,1
Chandigarh,July,1954-1977,24,276.3,276.3,276.3,1
Chandigarh,August,1954-1977,24,282.8,282.8,282.8,1
Chandigarh,September,1954-1977,24,179.0,179.0,179.0,1
Chandigarh,October,1954-1977,24,41.6,41.6,41.6,1
Chandigarh,November,1954-1977,24,6.7,6.7,6.7,1
Chandigarh,December,1954-1977,24,18.9,18.9,18.9,1
Chennai (Minambakkam),January,1901-2000,100,35.3,35.3,35.3,1
Chennai (Minambakkam),February,1901-2000,100,13.0,13.0,13.0,1
Chennai (Minambakkam),March,1901-2000,100,14.5,14.5,14.5,1
Chennai (Minambakkam),April,1901-2000,100,15.9,15.9,15.9,1
Chennai (Minambakkam),May,1901-2000,100,42.4,42.4,42.4,1
Chennai (Minambakkam),June,1901-2000,100,53.9,53.9,53.9,1
Chennai (Minambakkam),July,1901-2000,100,99.6,99.6,99.6,1
Chennai (Minambakkam),August,1901-2000,100,129.9,129.9,129.9,1
Chennai (Minambakkam),September,1901-2000,100,123.5,123.5,123.5,1
Chennai (Minambakkam),October,1901-2000,100,284.6,284.6,284.6,1
Chennai (Minambakkam),November,1901-2000,100,353.0,353.0,353.0,1
Chennai (Minambakkam),December,1901-2000,100,146.3,146.3,146.3,1
Cherrapunji,January,1902-2000,99,19.2,19.2,19.2,1
Cherrapunji,February,1902-2000,99,51.5,51.5,51.5,1
Cherrapunji,March,1902-2000,99,223.1,223.1,223.1,1
Cherrapunji,April,1902-2000,99,684.1,684.1,684.1,1
Cherrapunji,May,1902-2000,99,1393.9,1393.9,1393.9,1
Cherrapunji,June,1902-2000,99,2597.5,2597.5,2597.5,1
Cherrapunji,July,1902-2000,99,2622.0,2622.0,2622.0,1
Cherrapunji,August,1902-2000,99,1793.5,1793.5,1793.5,1
Cherrapunji,September,1902-2000,99,1113.0,1113.0,1113.0,1
Cherrapunji,October,1902-2000,99,478.0,478.0,478.0,1
Cherrapunji,November,1902-2000,99,63.3,63.3,63.3,1
Cherrapunji,December,1902-2000,99,13.5,13.5,13.5,1
Coimbatore (Pilamedu),January,1948-2000,53,6.6,6.6,6.6,1
Coimbatore (Pilamedu),February,1948-2000,53,8.9,8.9,8.9,1
Coimbatore (Pilamedu),March,1948-2000,53,12.0,12.0,12.0,1
Coimbatore (Pilamedu),April,1948-2000,53,49.4,49.4,49.4,1
Coimbatore (Pilamedu),May,1948-2000,53,68.8,68.8,68.8,1
Coimbatore (Pilamedu),June,1948-2000,53,84.4,84.4,84.4,1
Coimbatore (Pilamedu),July,1948-2000,53,34.3,34.3,34.3,1
Coimbatore (Pilamedu),August,1948-2000,53,28.4,28.4,28.4,1
Coimbatore (Pilamedu),September,1948-2000,53,57.3,57.3,57.3,1
Coimbatore (Pilamedu),October,1948-2000,53,136.7,136.7,136.7,1
Coimbatore (Pilamedu),November,1948-2000,53,119.3,119.3,119.3,1
Coimbatore (Pilamedu),December,1948-2000,53,40.8,40.8,40.8,1
Cooch Behar,January,1901-2000,61,8.3,8.3,8.3,1
Cooch Behar,February,1901-2000,61,13.1,13.1,13.1,1
Cooch Behar,March,1901-2000,61,40.7,40.7,40.7,1
Cooch Behar,April,1901-2000,61,127.9,127.9,127.9,1
Cooch Behar,May,1901-2000,61,377.6,377.6,377.6,1
Cooch Behar,June,1901-2000,61,766.8,766.8,766.8,1
Cooch Behar,July,1901-2000,61,813.4,813.4,813.4,1
Cooch Behar,August,1901-2000,61,620.5,620.5,620.5,1
Cooch Behar,September,1901-2000,61,519.0,519.0,519.0,1
Cooch Behar,October,1901-2000,61,179.8,179.8,179.8,1
Cooch Behar,November,1901-2000,61,9.7,9.7,9.7,1
Cooch Behar,December,1901-2000,61,4.0,4.0,4.0,1
Darjeeling,January,1901-2000,97,19.7,19.7,19.7,1
Darjeeling,February,1901-2000,97,24.1,24.1,24.1,1
Darjeeling,March,1901-2000,97,47.7,47.7,47.7,1
Darjeeling,April,1901-2000,97,115.8,115.8,115.8,1
Darjeeling,May,1901-2000,97,197.2,197.2,197.2,1
Darjeeling,June,1901-2000,97,570.0,570.0,570.0,1
Darjeeling,July,1901-2000,97,781.7,781.7,781.7,1
Darjeeling,August,1901-2000,97,635.3,635.3,635.3,1
Darjeeling,September,1901-2000,97,437.3,437.3,437.3,1
Darjeeling,October,1901-2000,97,122.5,122.5,122.5,1
Darjeeling,November,1901-2000,97,23.5,23.5,23.5,1
Darjeeling,December,1901-2000,97,7.0,7.0,7.0,1
Dehra Dun,January,1901-2000,84,55.0,55.0,55.0,1
Dehra Dun,February,1901-2000,84,58.8,58.8,58.8,1
Dehra Dun,March,1901-2000,84,49.0,49.0,49.0,1
Dehra Dun,April,1901-2000,84,22.5,22.5,22.5,1
Dehra Dun,May,1901-2000,84,41.7,41.7,41.7,1
Dehra Dun,June,1901-2000,84,201.8,201.8,201.8,1
Dehra Dun,July,1901-2000,84,672.6,672.6,672.6,1
Dehra Dun,August,1901-2000,84,728.2,728.2,728.2,1
Dehra Dun,September,1901-2000,84,296.5,296.5,296.5,1
Dehra Dun,October,1901-2000,84,49.8,49.8,49.8,1
Dehra Dun,November,1901-2000,84,8.6,8.6,8.6,1
Dehra Dun,December,1901-2000,84,24.4,24.4,24.4,1
Dharmsala,January,1951-1998,48,119.7,119.7,119.7,1
Dharmsala,February,1951-1998,48,108.2,108.2,108.2,1
Dharmsala,March,1951-1998,48,241.7,241.7,241.7,1
Dharmsala,April,1951-1998,48,58.3,58.3,58.3,1
Dharmsala,May,1951-1998,48,64.2,64.2,64.2,1
Dharmsala,June,1951-1998,48,222.7,222.7,222.7,1
Dharmsala,July,1951-1998,48,876.9,876.9,876.9,1
Dharmsala,August,1951-1998,48,864.6,864.6,864.6,1
Dharmsala,September,1951-1998,48,375.8,375.8,375.8,1
Dharmsala,October,1951-1998,48,55.8,55.8,55.8,1
Dharmsala,November,1951-1998,48,20.8,20.8,20.8,1
Dharmsala,December,1951-1998,48,54.9,54.9,54.9,1
Dibrugarh/Mohanbari,January,1952-2000,49,32.0,32.0,32.0,1
Dibrugarh/Mohanbari,February,1952-2000,49,78.5,78.5,78.5,1
Dibrugarh/Mohanbari,March,1952-2000,49,109.7,109.7,109.7,1
Dibrugarh/Mohanbari,April,1952-2000,49,218.7,218.7,218.7,1
Dibrugarh/Mohanbari,May,1952-2000,49,316.0,316.0,316.0,1
Dibrugarh/Mohanbari,June,1952-2000,49,419.5,419.5,419.5,1
Dibrugarh/Mohanbari,July,1952-2000,49,520.9,520.9,520.9,1
Dibrugarh/Mohanbari,August,1952-2000,49,443.8,443.8,443.8,1
Dibrugarh/Mohanbari,September,1952-2000,49,333.1,333.1,333.1,1
Dibrugarh/Mohanbari,October,1952-2000,49,143.4,143.4,143.4,1
Dibrugarh/Mohanbari,November,1952-2000,49,24.7,24.7,24.7,1
Dibrugarh/Mohanbari,December,1952-2000,49,18.0,18.0,18.0,1
Gadag,January,1932-2000,69,2.2,2.2,2.2,0
Gadag,February,1932-2000,69,1.6,1.6,1.6,0
Gadag,March,1932-2000,69,6.2,6.2,6.2,1
Gadag,April,1932-2000,69,37.2,37.2,37.2,1
Gadag,May,1932-2000,69,77.6,77.6,77.6,1
Gadag,June,1932-2000,69,81.6,81.6,81.6,1
Gadag,July,1932-2000,69,71.6,71.6,71.6,1
Gadag,August,1932-2000,69,86.7,86.7,86.7,1
Gadag,September,1932-2000,69,126.6,126.6,126.6,1
Gadag,October,1932-2000,69,121.1,121.1,121.1,1
Gadag,November,1932-2000,69,36.6,36.6,36.6,1
Gadag,December,1932-2000,69,8.6,8.6,8.6,1
Gangtok,January,1966-2000,35,31.9,31.9,31.9,1
Gangtok,February,1966-2000,35,79.4,79.4,79.4,1
Gangtok,March,1966-2000,35,122.2,122.2,122.2,1
Gangtok,April,1966-2000,35,270.9,270.9,270.9,1
Gangtok,May,1966-2000,35,527.7,527.7,527.7,1
Gangtok,June,1966-2000,35,611.3,611.3,611.3,1
Gangtok,July,1966-2000,35,628.6,628.6,628.6,1
Gangtok,August,1966-2000,35,563.2,563.2,563.2,1
Gangtok,September,1966-2000,35,463.4,463.4,463.4,1
Gangtok,October,1966-2000,35,177.9,177.9,177.9,1
Gangtok,November,1966-2000,35,41.7,41.7,41.7,1
Gangtok,December,1966-2000,35,21.1,21.1,21.1,1
Gaya,January,1901-1999,98,20.1,20.1,20.1,1
Gaya,February,1901-1999,98,19.0,19.0,19.0,1
Gaya,March,1901-1999,98,11.7,11.7,11.7,1
Gaya,April,1901-1999,98,7.5,7.5,7.5,1
Gaya,May,1901-1999,98,21.3,21.3,21.3,1
Gaya,June,1901-1999,98,137.3,137.3,137.3,1
Gaya,July,1901-1999,98,313.9,313.9,313.9,1
Gaya,August,1901-1999,98,327.6,327.6,327.6,1
Gaya,September,1901-1999,98,205.7,205.7,205.7,1
Gaya,October,1901-1999,98,52.6,52.6,52.6,1
Gaya,November,1901-1999,98,10.0,10.0,10.0,1
Gaya,December,1901-1999,98,3.6,3.6,3.6,1
Gopalpur,January,1901-2000,98,11.0,11.0,11.0,1
Gopalpur,February,1901-2000,98,23.6,23.6,23.6,1
Gopalpur,March,1901-2000,98,18.1,18.1,18.1,1
Gopalpur,April,1901-2000,98,20.3,20.3,20.3,1
Gopalpur,May,1901-2000,98,53.8,53.8,53.8,1
Gopalpur,June,1901-2000,98,138.1,138.1,138.1,1
Gopalpur,July,1901-2000,98,174.6,174.6,174.6,1
Gopalpur,August,1901-2000,98,195.9,195.9,195.9,1
Gopalpur,September,1901-2000,98,192.0,192.0,192.0,1
Gopalpur,October,1901-2000,98,237.8,237.8,237.8,1
Gopalpur,November,1901-2000,98,95.3,95.3,95.3,1
Gopalpur,December,1901-2000,98,11.4,11.4,11.4,1
Gorakhpur,January,1901-2000,96,14.2,14.2,14.2,1
Gorakhpur,February,1901-2000,96,15.2,15.2,15.2,1
Gorakhpur,March,1901-2000,96,9.4,9.4,9.4,1
Gorakhpur,April,1901-2000,96,11.7,11.7,11.7,1
Gorakhpur,May,1901-2000,96,36.1,36.1,36.1,1
Gorakhpur,June,1901-2000,96,166.7,166.7,166.7,1
Gorakhpur,July,1901-2000,96,342.7,342.7,342.7,1
Gorakhpur,August,1901-2000,96,339.1,339.1,339.1,1
Gorakhpur,September,1901-2000,96,232.3,232.3,232.3,1
Gorakhpur,October,1901-2000,96,60.4,60.4,60.4,1
Gorakhpur,November,1901-2000,96,4.9,4.9,4.9,1
Gorakhpur,December,1901-2000,96,6.2,6.2,6.2,1
Gulbarga,January,1901-2000,98,5.0,5.0,5.0,1
Gulbarga,February,1901-2000,98,5.6,5.6,5.6,1
Gulbarga,March,1901-2000,98,7.9,7.9,7.9,1
Gulbarga,April,1901-2000,98,18.6,18.6,18.6,1
Gulbarga,May,1901-2000,98,35.5,35.5,35.5,1
Gulbarga,June,1901-2000,98,107.3,107.3,107.3,1
Gulbarga,July,1901-2000,98,136.8,136.8,136.8,1
Gulbarga,August,1901-2000,98,140.1,140.1,140.1,1
Gulbarga,September,1901-2000,98,190.1,190.1,190.1,1
Gulbarga,October,1901-2000,98,80.7,80.7,80.7,1
Gulbarga,November,1901-2000,98,26.8,26.8,26.8,1
Gulbarga,December,1901-2000,98,5.1,5.1,5.1,1
Guwahati (Bhorjar),January,1951-2000,50,11.8,11.8,11.8,1
Guwahati (Bhorjar),February,1951-2000,50,17.2,17.2,17.2,1
Guwahati (Bhorjar),March,1951-2000,50,55.1,55.1,55.1,1
Guwahati (Bhorjar),April,1951-2000,50,147.0,147.0,147.0,1
Guwahati (Bhorjar),May,1951-2000,50,248.9,248.9,248.9,1
Guwahati (Bhorjar),June,1951-2000,50,316.8,316.8,316.8,1
Guwahati (Bhorjar),July,1951-2000,50,351.2,351.2,351.2,1
Guwahati (Bhorjar),August,1951-2000,50,269.4,269.4,269.4,1
Guwahati (Bhorjar),September,1951-2000,50,187.0,187.0,187.0,1
Guwahati (Bhorjar),October,1951-2000,50,90.9,90.9,90.9,1
Guwahati (Bhorjar),November,1951-2000,50,18.5,18.5,18.5,1
Guwahati (Bhorjar),December,1951-2000,50,7.3,7.3,7.3,1
Gwalior,January,1951-2000,50,14.4,14.4,14.4,1
Gwalior,February,1951-2000,50,10.0,10.0,10.0,1
Gwalior,March,1951-2000,50,6.5,6.5,6.5,1
Gwalior,April,1951-2000,50,4.5,4.5,4.5,1
Gwalior,May,1951-2000,50,11.2,11.2,11.2,1
Gwalior,June,1951-2000,50,67.5,67.5,67.5,1
Gwalior,July,1951-2000,50,248.8,248.8,248.8,1
Gwalior,August,1951-2000,50,274.4,274.4,274.4,1
Gwalior,September,1951-2000,50,151.2,151.2,151.2,1
Gwalior,October,1951-2000,50,40.7,40.7,40.7,1
Gwalior,November,1951-2000,50,5.8,5.8,5.8,1
Gwalior,December,1951-2000,50,7.0,7.0,7.0,1
Hassan,January,1901-2000,100,2.6,2.6,2.6,1
Hassan,February,1901-2000,100,5.0,5.0,5.0,1
Hassan,March,1901-2000,100,11.5,11.5,11.5,1
Hassan,April,1901-2000,100,56.7,56.7,56.7,1
Hassan,May,1901-2000,100,104.9,104.9,104.9,1
Hassan,June,1901-2000,100,88.7,88.7,88.7,1
Hassan,July,1901-2000,100,147.9,147.9,147.9,1
Hassan,August,1901-2000,100,94.2,94.2,94.2,1
Hassan,September,1901-2000,100,106.5,106.5,106.5,1
Hassan,October,1901-2000,100,156.1,156.1,156.1,1
Hassan,November,1901-2000,100,64.1,64.1,64.1,1
Hassan,December,1901-2000,100,14.6,14.6,14.6,1
Hissar,January,1914-2000,87,14.8,14.8,14.8,1
Hissar,February,1914-2000,87,15.2,15.2,15.2,1
Hissar,March,1914-2000,87,14.0,14.0,14.0,1
Hissar,April,1914-2000,87,8.9,8.9,8.9,1
Hissar,May,1914-2000,87,17.3,17.3,17.3,1
Hissar,June,1914-2000,87,39.7,39.7,39.7,1
Hissar,July,1914-2000,87,133.1,133.1,133.1,1
Hissar,August,1914-2000,87,130.6,130.6,130.6,1
Hissar,September,1914-2000,87,74.5,74.5,74.5,1
Hissar,October,1914-2000,87,29.2,29.2,29.2,1
Hissar,November,1914-2000,87,3.2,3.2,3.2,1
Hissar,December,1914-2000,87,10.2,10.2,10.2,1
Hyderabad (A),January,1951-2000,50,13.2,13.2,13.2,1
Hyderabad (A),February,1951-2000,50,7.9,7.9,7.9,1
Hyderabad (A),March,1951-2000,50,15.3,15.3,15.3,1
Hyderabad (A),April,1951-2000,50,20.2,20.2,20.2,1
Hyderabad (A),May,1951-2000,50,35.7,35.7,35.7,1
Hyderabad (A),June,1951-2000,50,103.8,103.8,103.8,1
Hyderabad (A),July,1951-2000,50,169.9,169.9,169.9,1
Hyderabad (A),August,1951-2000,50,178.7,178.7,178.7,1
Hyderabad (A),September,1951-2000,50,158.3,158.3,158.3,1
Hyderabad (A),October,1951-2000,50,97.2,97.2,97.2,1
Hyderabad (A),November,1951-2000,50,22.4,22.4,22.4,1
Hyderabad (A),December,1951-2000,50,5.9,5.9,5.9,1
Imphal/Tulihal,January,1953-1998,45,12.2,12.2,12.2,1
Imphal/Tulihal,February,1953-1998,45,37.5,37.5,37.5,1
Imphal/Tulihal,March,1953-1998,45,84.5,84.5,84.5,1
Imphal/Tulihal,April,1953-1998,45,120.1,120.1,120.1,1
Imphal/Tulihal,May,1953-1998,45,154.2,154.2,154.2,1
Imphal/Tulihal,June,1953-1998,45,262.1,262.1,262.1,1
Imphal/Tulihal,July,1953-1998,45,407.3,407.3,407.3,1
Imphal/Tulihal,August,1953-1998,45,198.7,198.7,198.7,1
Imphal/Tulihal,September,1953-1998,45,131.5,131.5,131.5,1
Imphal/Tulihal,October,1953-1998,45,112.1,112.1,112.1,1
Imphal/Tulihal,November,1953-1998,45,48.1,48.1,48.1,1
Imphal/Tulihal,December,1953-1998,45,14.0,14.0,14.0,1
Indore,January,1949-2000,52,7.7,7.7,7.7,1
Indore,February,1949-2000,52,2.5,2.5,2.5,0
Indore,March,1949-2000,52,2.4,2.4,2.4,0
Indore,April,1949-2000,52,2.4,2.4,2.4,0
Indore,May,1949-2000,52,10.6,10.6,10.6,1
Indore,June,1949-2000,52,131.9,131.9,131.9,1
Indore,July,1949-2000,52,283.7,283.7,283.7,1
Indore,August,1949-2000,52,276.9,276.9,276.9,1
Indore,September,1949-2000,52,183.1,183.1,183.1,1
Indore,October,1949-2000,52,40.1,40.1,40.1,1
Indore,November,1949-2000,52,13.3,13.3,13.3,1
Indore,December,1949-2000,52,6.3,6.3,6.3,1
Jabalpur,January,1901-2000,100,22.2,22.2,22.2,1
Jabalpur,February,1901-2000,100,23.4,23.4,23.4,1
Jabalpur,March,1901-2000,100,15.5,15.5,15.5,1
Jabalpur,April,1901-2000,100,7.7,7.7,7.7,1
Jabalpur,May,1901-2000,100,12.9,12.9,12.9,1
Jabalpur,June,1901-2000,100,167.3,167.3,167.3,1
Jabalpur,July,1901-2000,100,421.9,421.9,421.9,1
Jabalpur,August,1901-2000,100,422.9,422.9,422.9,1
Jabalpur,September,1901-2000,100,200.1,200.1,200.1,1
Jabalpur,October,1901-2000,100,39.9,39.9,39.9,1
Jabalpur,November,1901-2000,100,15.0,15.0,15.0,1
Jabalpur,December,1901-2000,100,9.9,9.9,9.9,1
Jagdalpur,January,1909-2000,92,9.1,9.1,9.1,1
Jagdalpur,February,1909-2000,92,15.6,15.6,15.6,1
Jagdalpur,March,1909-2000,92,16.0,16.0,16.0,1
Jagdalpur,April,1909-2000,92,51.1,51.1,51.1,1
Jagdalpur,May,1909-2000,92,73.2,73.2,73.2,1
Jagdalpur,June,1909-2000,92,239.6,239.6,239.6,1
Jagdalpur,July,1909-2000,92,369.4,369.4,369.4,1
Jagdalpur,August,1909-2000,92,377.5,377.5,377.5,1
Jagdalpur,September,1909-2000,92,236.9,236.9,236.9,1
Jagdalpur,October,1909-2000,92,101.1,101.1,101.1,1
Jagdalpur,November,1909-2000,92,24.3,24.3,24.3,1
Jagdalpur,December,1909-2000,92,7.7,7.7,7.7,1
Jaipur (Sanganer),January,1952-2000,49,7.5,7.5,7.5,1
Jaipur (Sanganer),February,1952-2000,49,10.2,10.2,10.2,1
Jaipur (Sanganer),March,1952-2000,49,4.5,4.5,4.5,1
Jaipur (Sanganer),April,1952-2000,49,8.3,8.3,8.3,1
Jaipur (Sanganer),May,1952-2000,49,16.7,16.7,16.7,1
Jaipur (Sanganer),June,1952-2000,49,54.7,54.7,54.7,1
Jaipur (Sanganer),July,1952-2000,49,214.0,214.0,214.0,1
Jaipur (Sanganer),August,1952-2000,49,213.6,213.6,213.6,1
Jaipur (Sanganer),September,1952-2000,49,69.4,69.4,69.4,1
Jaipur (Sanganer),October,1952-2000,49,23.3,23.3,23.3,1
Jaipur (Sanganer),November,1952-2000,49,4.2,4.2,4.2,1
Jaipur (Sanganer),December,1952-2000,49,3.0,3.0,3.0,1
Jaisalmer,January,1948-2000,43,1.5,1.5,1.5,0
Jaisalmer,February,1948-2000,43,3.0,3.0,3.0,1
Jaisalmer,March,1948-2000,43,2.7,2.7,2.7,1
Jaisalmer,April,1948-2000,43,21.0,21.0,21.0,1
Jaisalmer,May,1948-2000,43,8.9,8.9,8.9,1
Jaisalmer,June,1948-2000,43,15.1,15.1,15.1,1
Jaisalmer,July,1948-2000,43,60.1,60.1,60.1,1
Jaisalmer,August,1948-2000,43,75.8,75.8,75.8,1
Jaisalmer,September,1948-2000,43,17.6,17.6,17.6,1
Jaisalmer,October,1948-2000,43,2.4,2.4,2.4,0
Jaisalmer,November,1948-2000,43,1.5,1.5,1.5,0
Jaisalmer,December,1948-2000,43,2.4,2.4,2.4,0
Jammu,January,1925-2000,62,60.7,60.7,60.7,1
Jammu,February,1925-2000,62,62.8,62.8,62.8,1
Jammu,March,1925-2000,62,59.9,59.9,59.9,1
Jammu,April,1925-2000,62,35.7,35.7,35.7,1
Jammu,May,1925-2000,62,25.6,25.6,25.6,1
Jammu,June,1925-2000,62,72.7,72.7,72.7,1
Jammu,July,1925-2000,62,349.6,349.6,349.6,1
Jammu,August,1925-2000,62,319.1,319.1,319.1,1
Jammu,September,1925-2000,62,139.8,139.8,139.8,1
Jammu,October,1925-2000,62,23.8,23.8,23.8,1
Jammu,November,1925-2000,62,10.3,10.3,10.3,1
Jammu,December,1925-2000,62,33.0,33.0,33.0,1
Jamshedpur,January,1951-1999,43,14.0,14.0,14.0,1
Jamshedpur,February,1951-1999,43,25.7,25.7,25.7,1
Jamshedpur,March,1951-1999,43,26.1,26.1,26.1,1
Jamshedpur,April,1951-1999,43,37.5,37.5,37.5,1
Jamshedpur,May,1951-1999,43,57.2,57.2,57.2,1
Jamshedpur,June,1951-1999,43,205.3,205.3,205.3,1
Jamshedpur,July,1951-1999,43,292.5,292.5,292.5,1
Jamshedpur,August,1951-1999,43,306.5,306.5,306.5,1
Jamshedpur,September,1951-1999,43,208.8,208.8,208.8,1
Jamshedpur,October,1951-1999,43,82.2,82.2,82.2,1
Jamshedpur,November,1951-1999,43,10.1,10.1,10.1,1
Jamshedpur,December,1951-1999,43,6.1,6.1,6.1,1
Jharsuguda,January,1951-2000,47,16.1,16.1,16.1,1
Jharsuguda,February,1951-2000,47,19.7,19.7,19.7,1
Jharsuguda,March,1951-2000,47,18.0,18.0,18.0,1
Jharsuguda,April,1951-2000,47,18.0,18.0,18.0,1
Jharsuguda,May,1951-2000,47,36.1,36.1,36.1,1
Jharsuguda,June,1951-2000,47,211.8,211.8,211.8,1
Jharsuguda,July,1951-2000,47,377.3,377.3,377.3,1
Jharsuguda,August,1951-2000,47,405.5,405.5,405.5,1
Jharsuguda,September,1951-2000,47,278.4,278.4,278.4,1
Jharsuguda,October,1951-2000,47,61.7,61.7,61.7,1
Jharsuguda,November,1951-2000,47,10.4,10.4,10.4,1
Jharsuguda,December,1951-2000,47,7.9,7.9,7.9,1
Jodhpur,January,1901-2000,100,10.2,10.2,10.2,1
Jodhpur,February,1901-2000,100,4.8,4.8,4.8,1
Jodhpur,March,1901-2000,100,3.9,3.9,3.9,1
Jodhpur,April,1901-2000,100,5.1,5.1,5.1,1
Jodhpur,May,1901-2000,100,66.1,66.1,66.1,1
Jodhpur,June,1901-2000,100,35.1,35.1,35.1,1
Jodhpur,July,1901-2000,100,120.8,120.8,120.8,1
Jodhpur,August,1901-2000,100,128.9,128.9,128.9,1
Jodhpur,September,1901-2000,100,57.6,57.6,57.6,1
Jodhpur,October,1901-2000,100,8.1,8.1,8.1,1
Jodhpur,November,1901-2000,100,2.6,2.6,2.6,1
Jodhpur,December,1901-2000,100,1.6,1.6,1.6,0
Joshimath,January,1958-1987,29,65.3,65.3,65.3,1
Joshimath,February,1958-1987,29,98.0,98.0,98.0,1
Joshimath,March,1958-1987,29,114.3,114.3,114.3,1
Joshimath,April,1958-1987,29,64.0,64.0,64.0,1
Joshimath,May,1958-1987,29,71.3,71.3,71.3,1
Joshimath,June,1958-1987,29,132.3,132.3,132.3,1
Joshimath,July,1958-1987,29,247.4,247.4,247.4,1
Joshimath,August,1958-1987,29,222.4,222.4,222.4,1
Joshimath,September,1958-1987,29,104.8,104.8,104.8,1
Joshimath,October,1958-1987,29,45.1,45.1,45.1,1
Joshimath,November,1958-1987,29,15.4,15.4,15.4,1
Joshimath,December,1958-1987,29,25.0,25.0,25.0,1
Jullundur,January,1970-1999,14,10.7,10.7,10.7,1
Jullundur,February,1970-1999,14,16.7,16.7,16.7,1
Jullundur,March,1970-1999,14,32.8,32.8,32.8,1
Jullundur,April,1970-1999,14,15.2,15.2,15.2,1
Jullundur,May,1970-1999,14,20.4,20.4,20.4,1
Jullundur,June,1970-1999,14,69.7,69.7,69.7,1
Jullundur,July,1970-1999,14,155.2,155.2,155.2,1
Jullundur,August,1970-1999,14,183.6,183.6,183.6,1
Jullundur,September,1970-1999,14,60.0,60.0,60.0,1
Jullundur,October,1970-1999,14,1.5,1.5,1.5,0
Jullundur,November,1970-1999,14,3.5,3.5,3.5,1
Jullundur,December,1970-1999,14,9.7,9.7,9.7,1
Kanpur (A),January,1901-1995,84,15.4,15.4,15.4,1
Kanpur (A),February,1901-1995,84,16.4,16.4,16.4,1
Kanpur (A),March,1901-1995,84,7.9,7.9,7.9,1
Kanpur (A),April,1901-1995,84,5.3,5.3,5.3,1
Kanpur (A),May,1901-1995,84,8.4,8.4,8.4,1
Kanpur (A),June,1901-1995,84,66.3,66.3,66.3,1
Kanpur (A),July,1901-1995,84,244.6,244.6,244.6,1
Kanpur (A),August,1901-1995,84,273.2,273.2,273.2,1
Kanpur (A),September,1901-1995,84,161.7,161.7,161.7,1
Kanpur (A),October,1901-1995,84,40.0,40.0,40.0,1
Kanpur (A),November,1901-1995,84,4.6,4.6,4.6,1
Kanpur (A),December,1901-1995,84,7.1,7.1,7.1,1
Kanyakumari,January,1961-2000,40,13.4,13.4,13.4,1
Kanyakumari,February,1961-2000,40,13.5,13.5,13.5,1
Kanyakumari,March,1961-2000,40,23.3,23.3,23.3,1
Kanyakumari,April,1961-2000,40,64.5,64.5,64.5,1
Kanyakumari,May,1961-2000,40,51.2,51.2,51.2,1
Kanyakumari,June,1961-2000,40,87.8,87.8,87.8,1
Kanyakumari,July,1961-2000,40,47.0,47.0,47.0,1
Kanyakumari,August,1961-2000,40,41.4,41.4,41.4,1
Kanyakumari,September,1961-2000,40,38.9,38.9,38.9,1
Kanyakumari,October,1961-2000,40,127.5,127.5,127.5,1
Kanyakumari,November,1961-2000,40,165.3,165.3,165.3,1
Kanyakumari,December,1961-2000,40,61.1,61.1,61.1,1
Karnal,January,1949-1999,50,26.9,26.9,26.9,1
Karnal,February,1949-1999,50,17.5,17.5,17.5,1
Karnal,March,1949-1999,50,18.6,18.6,18.6,1
Karnal,April,1949-1999,50,6.7,6.7,6.7,1
Karnal,May,1949-1999,50,9.8,9.8,9.8,1
Karnal,June,1949-1999,50,50.7,50.7,50.7,1
Karnal,July,1949-1999,50,194.8,194.8,194.8,1
Karnal,August,1949-1999,50,221.5,221.5,221.5,1
Karnal,September,1949-1999,50,93.3,93.3,93.3,1
Karnal,October,1949-1999,50,21.7,21.7,21.7,1
Karnal,November,1949-1999,50,4.7,4.7,4.7,1
Karnal,December,1949-1999,50,9.7,9.7,9.7,1
Khajuraho,January,1970-2000,30,20.8,20.8,20.8,1
Khajuraho,February,1970-2000,30,28.2,28.2,28.2,1
Khajuraho,March,1970-2000,30,8.3,8.3,8.3,1
Khajuraho,April,1970-2000,30,5.4,5.4,5.4,1
Khajuraho,May,1970-2000,30,9.4,9.4,9.4,1
Khajuraho,June,1970-2000,30,100.0,100.0,100.0,1
Khajuraho,July,1970-2000,30,322.8,322.8,322.8,1
Khajuraho,August,1970-2000,30,401.2,401.2,401.2,1
Khajuraho,September,1970-2000,30,187.8,187.8,187.8,1
Khajuraho,October,1970-2000,30,37.3,37.3,37.3,1
Khajuraho,November,1970-2000,30,8.5,8.5,8.5,1
Khajuraho,December,1970-2000,30,4.8,4.8,4.8,1
Kodaikanal,January,1901-2000,100,59.1,59.1,59.1,1
Kodaikanal,February,1901-2000,100,34.6,34.6,34.6,1
Kodaikanal,March,1901-2000,100,52.6,52.6,52.6,1
Kodaikanal,April,1901-2000,100,136.0,136.0,136.0,1
Kodaikanal,May,1901-2000,100,146.1,146.1,146.1,1
Kodaikanal,June,1901-2000,100,97.7,97.7,97.7,1
Kodaikanal,July,1901-2000,100,122.1,122.1,122.1,1
Kodaikanal,August,1901-2000,100,153.1,153.1,153.1,1
Kodaikanal,September,1901-2000,100,185.6,185.6,185.6,1
Kodaikanal,October,1901-2000,100,253.9,253.9,253.9,1
Kodaikanal,November,1901-2000,100,235.0,235.0,235.0,1
Kodaikanal,December,1901-2000,100,141.4,141.4,141.4,1
Kohima,January,1952-1992,33,11.7,11.7,11.7,1
Kohima,February,1952-1992,33,35.4,35.4,35.4,1
Kohima,March,1952-1992,33,47.6,47.6,47.6,1
Kohima,April,1952-1992,33,88.7,88.7,88.7,1
Kohima,May,1952-1992,33,159.2,159.2,159.2,1
Kohima,June,1952-1992,33,333.8,333.8,333.8,1
Kohima,July,1952-1992,33,371.8,371.8,371.8,1
Kohima,August,1952-1992,33,364.0,364.0,364.0,1
Kohima,September,1952-1992,33,250.1,250.1,250.1,1
Kohima,October,1952-1992,33,126.0,126.0,126.0,1
Kohima,November,1952-1992,33,35.2,35.2,35.2,1
Kohima,December,1952-1992,33,7.8,7.8,7.8,1
Kolkata (Alipur),January,1901-2000,100,13.3,13.3,13.3,1
Kolkata (Alipur),February,1901-2000,100,25.6,25.6,25.6,1
Kolkata (Alipur),March,1901-2000,100,33.3,33.3,33.3,1
Kolkata (Alipur),April,1901-2000,100,51.2,51.2,51.2,1
Kolkata (Alipur),May,1901-2000,100,126.2,126.2,126.2,1
Kolkata (Alipur),June,1901-2000,100,282.4,282.4,282.4,1
Kolkata (Alipur),July,1901-2000,100,339.8,339.8,339.8,1
Kolkata (Alipur),August,1901-2000,100,333.2,333.2,333.2,1
Kolkata (Alipur),September,1901-2000,100,277.2,277.2,277.2,1
Kolkata (Alipur),October,1901-2000,100,138.9,138.9,138.9,1
Kolkata (Alipur),November,1901-2000,100,23.9,23.9,23.9,1
Kolkata (Alipur),December,1901-2000,100,6.4,6.4,6.4,1
Kota (A),January,1961-2000,40,5.4,5.4,5.4,1
Kota (A),February,1961-2000,40,4.4,4.4,4.4,1
Kota (A),March,1961-2000,40,4.0,4.0,4.0,1
Kota (A),April,1961-2000,40,3.2,3.2,3.2,1
Kota (A),May,1961-2000,40,10.3,10.3,10.3,1
Kota (A),June,1961-2000,40,62.9,62.9,62.9,1
Kota (A),July,1961-2000,40,257.0,257.0,257.0,1
Kota (A),August,1961-2000,40,245.8,245.8,245.8,1
Kota (A),September,1961-2000,40,98.5,98.5,98.5,1
Kota (A),October,1961-2000,40,19.6,19.6,19.6,1
Kota (A),November,1961-2000,40,7.8,7.8,7.8,1
Kota (A),December,1961-2000,40,3.5,3.5,3.5,1
Kozhikode (A),January,1996-2000,5,7.4,7.4,7.4,1
Kozhikode (A),February,1996-2000,5,3.3,3.3,3.3,1
Kozhikode (A),March,1996-2000,5,23.4,23.4,23.4,1
Kozhikode (A),April,1996-2000,5,73.8,73.8,73.8,1
Kozhikode (A),May,1996-2000,5,189.7,189.7,189.7,1
Kozhikode (A),June,1996-2000,5,736.4,736.4,736.4,1
Kozhikode (A),July,1996-2000,5,789.3,789.3,789.3,1
Kozhikode (A),August,1996-2000,5,395.5,395.5,395.5,1
Kozhikode (A),September,1996-2000,5,237.4,237.4,237.4,1
Kozhikode (A),October,1996-2000,5,400.9,400.9,400.9,1
Kozhikode (A),November,1996-2000,5,158.5,158.5,158.5,1
Kozhikode (A),December,1996-2000,5,119.9,119.9,119.9,1
Lucknow (Amausi),January,1952-2000,49,19.1,19.1,19.1,1
Lucknow (Amausi),February,1952-2000,49,17.6,17.6,17.6,1
Lucknow (Amausi),March,1952-2000,49,8.7,8.7,8.7,1
Lucknow (Amausi),April,1952-2000,49,5.8,5.8,5.8,1
Lucknow (Amausi),May,1952-2000,49,18.8,18.8,18.8,1
Lucknow (Amausi),June,1952-2000,49,103.2,103.2,103.2,1
Lucknow (Amausi),July,1952-2000,49,277.4,277.4,277.4,1
Lucknow (Amausi),August,1952-2000,49,284.0,284.0,284.0,1
Lucknow (Amausi),September,1952-2000,49,201.4,201.4,201.4,1
Lucknow (Amausi),October,1952-2000,49,49.0,49.0,49.0,1
Lucknow (Amausi),November,1952-2000,49,8.0,8.0,8.0,1
Lucknow (Amausi),December,1952-2000,49,16.4,16.4,16.4,1
Ludhiana,January,1901-1984,84,30.6,30.6,30.6,1
Ludhiana,February,1901-1984,84,34.1,34.1,34.1,1
Ludhiana,March,1901-1984,84,28.7,28.7,28.7,1
Ludhiana,April,1901-1984,84,14.9,14.9,14.9,1
Ludhiana,May,1901-1984,84,14.7,14.7,14.7,1
Ludhiana,June,1901-1984,84,52.0,52.0,52.0,1
Ludhiana,July,1901-1984,84,200.2,200.2,200.2,1
Ludhiana,August,1901-1984,84,174.3,174.3,174.3,1
Ludhiana,September,1901-1984,84,108.4,108.4,108.4,1
Ludhiana,October,1901-1984,84,19.8,19.8,19.8,1
Ludhiana,November,1901-1984,84,5.4,5.4,5.4,1
Ludhiana,December,1901-1984,84,15.6,15.6,15.6,1
Madurai (A),January,1958-2000,43,16.1,16.1,16.1,1
Madurai (A),February,1958-2000,43,8.6,8.6,8.6,1
Madurai (A),March,1958-2000,43,12.3,12.3,12.3,1
Madurai (A),April,1958-2000,43,47.8,47.8,47.8,1
Madurai (A),May,1958-2000,43,68.8,68.8,68.8,1
Madurai (A),June,1958-2000,43,42.9,42.9,42.9,1
Madurai (A),July,1958-2000,43,59.1,59.1,59.1,1
Madurai (A),August,1958-2000,43,84.9,84.9,84.9,1
Madurai (A),September,1958-2000,43,124.5,124.5,124.5,1
Madurai (A),October,1958-2000,43,172.5,172.5,172.5,1
Madurai (A),November,1958-2000,43,146.6,146.6,146.6,1
Madurai (A),December,1958-2000,43,58.5,58.5,58.5,1
Mahabaleshwar,January,1932-2000,69,1.7,1.7,1.7,0
Mahabaleshwar,February,1932-2000,69,1.0,1.0,1.0,0
Mahabaleshwar,March,1932-2000,69,6.1,6.1,6.1,1
Mahabaleshwar,April,1932-2000,69,24.6,24.6,24.6,1
Mahabaleshwar,May,1932-2000,69,58.4,58.4,58.4,1
Mahabaleshwar,June,1932-2000,69,874.4,874.4,874.4,1
Mahabaleshwar,July,1932-2000,69,2344.7,2344.7,2344.7,1
Mahabaleshwar,August,1932-2000,69,1711.4,1711.4,1711.4,1
Mahabaleshwar,September,1932-2000,69,601.9,601.9,601.9,1
Mahabaleshwar,October,1932-2000,69,150.8,150.8,150.8,1
Mahabaleshwar,November,1932-2000,69,41.0,41.0,41.0,1
Mahabaleshwar,December,1932-2000,69,11.2,11.2,11.2,1
Malda,January,1901-1999,78,11.9,11.9,11.9,1
Malda,February,1901-1999,78,16.1,16.1,16.1,1
Malda,March,1901-1999,78,15.1,15.1,15.1,1
Malda,April,1901-1999,78,29.6,29.6,29.6,1
Malda,May,1901-1999,78,109.6,109.6,109.6,1
Malda,June,1901-1999,78,218.9,218.9,218.9,1
Malda,July,1901-1999,78,307.5,307.5,307.5,1
Malda,August,1901-1999,78,289.4,289.4,289.4,1
Malda,September,1901-1999,78,275.9,275.9,275.9,1
Malda,October,1901-1999,78,105.6,105.6,105.6,1
Malda,November,1901-1999,78,12.1,12.1,12.1,1
Malda,December,1901-1999,78,4.4,4.4,4.4,1
Manali,January,1968-2000,32,128.9,128.9,128.9,1
Manali,February,1968-2000,32,124.3,124.3,124.3,1
Manali,March,1968-2000,32,189.6,189.6,189.6,1
Manali,April,1968-2000,32,103.7,103.7,103.7,1
Manali,May,1968-2000,32,82.5,82.5,82.5,1
Manali,June,1968-2000,32,74.3,74.3,74.3,1
Manali,July,1968-2000,32,217.5,217.5,217.5,1
Manali,August,1968-2000,32,205.4,205.4,205.4,1
Manali,September,1968-2000,32,111.9,111.9,111.9,1
Manali,October,1968-2000,32,37.9,37.9,37.9,1
Manali,November,1968-2000,32,31.7,31.7,31.7,1
Manali,December,1968-2000,32,56.1,56.1,56.1,1
Mangalore (Bajpe),January,1956-2000,45,1.1,1.1,1.1,0
Mangalore (Bajpe),February,1956-2000,45,0.2,0.2,0.2,0
Mangalore (Bajpe),March,1956-2000,45,2.9,2.9,2.9,1
Mangalore (Bajpe),April,1956-2000,45,24.4,24.4,24.4,1
Mangalore (Bajpe),May,1956-2000,45,183.2,183.2,183.2,1
Mangalore (Bajpe),June,1956-2000,45,1027.2,1027.2,1027.2,1
Mangalore (Bajpe),July,1956-2000,45,1200.4,1200.4,1200.4,1
Mangalore (Bajpe),August,1956-2000,45,787.3,787.3,787.3,1
Mangalore (Bajpe),September,1956-2000,45,292.1,292.1,292.1,1
Mangalore (Bajpe),October,1956-2000,45,190.8,190.8,190.8,1
Mangalore (Bajpe),November,1956-2000,45,70.9,70.9,70.9,1
Mangalore (Bajpe),December,1956-2000,45,16.4,16.4,16.4,1
Masulipatnam,January,1901-2000,100,5.3,5.3,5.3,1
Masulipatnam,February,1901-2000,100,12.3,12.3,12.3,1
Masulipatnam,March,1901-2000,100,10.2,10.2,10.2,1
Masulipatnam,April,1901-2000,100,14.4,14.4,14.4,1
Masulipatnam,May,1901-2000,100,36.8,36.8,36.8,1
Masulipatnam,June,1901-2000,100,103.4,103.4,103.4,1
Masulipatnam,July,1901-2000,100,186.1,186.1,186.1,1
Masulipatnam,August,1901-2000,100,164.1,164.1,164.1,1
Masulipatnam,September,1901-2000,100,168.1,168.1,168.1,1
Masulipatnam,October,1901-2000,100,223.4,223.4,223.4,1
Masulipatnam,November,1901-2000,100,126.8,126.8,126.8,1
Masulipatnam,December,1901-2000,100,19.9,19.9,19.9,1
Minicoy,January,1901-2000,99,37.2,37.2,37.2,1
Minicoy,February,1901-2000,99,23.9,23.9,23.9,1
Minicoy,March,1901-2000,99,20.9,20.9,20.9,1
Minicoy,April,1901-2000,99,57.2,57.2,57.2,1
Minicoy,May,1901-2000,99,184.3,184.3,184.3,1
Minicoy,June,1901-2000,99,298.6,298.6,298.6,1
Minicoy,July,1901-2000,99,245.2,245.2,245.2,1
Minicoy,August,1901-2000,99,212.0,212.0,212.0,1
Minicoy,September,1901-2000,99,162.4,162.4,162.4,1
Minicoy,October,1901-2000,99,176.7,176.7,176.7,1
Minicoy,November,1901-2000,99,143.4,143.4,143.4,1
Minicoy,December,1901-2000,99,83.4,83.4,83.4,1
Mukteswar (Kumaun),January,1901-2000,100,54.5,54.5,54.5,1
Mukteswar (Kumaun),February,1901-2000,100,56.5,56.5,56.5,1
Mukteswar (Kumaun),March,1901-2000,100,49.7,49.7,49.7,1
Mukteswar (Kumaun),April,1901-2000,100,35.3,35.3,35.3,1
Mukteswar (Kumaun),May,1901-2000,100,58.3,58.3,58.3,1
Mukteswar (Kumaun),June,1901-2000,100,157.2,157.2,157.2,1
Mukteswar (Kumaun),July,1901-2000,100,307.4,307.4,307.4,1
Mukteswar (Kumaun),August,1901-2000,100,299.4,299.4,299.4,1
Mukteswar (Kumaun),September,1901-2000,100,202.3,202.3,202.3,1
Mukteswar (Kumaun),October,1901-2000,100,60.9,60.9,60.9,1
Mukteswar (Kumaun),November,1901-2000,100,8.8,8.8,8.8,1
Mukteswar (Kumaun),December,1901-2000,100,23.1,23.1,23.1,1
Mumbai (Santa Cruz),January,1951-2000,50,15.1,15.1,15.1,1
Mumbai (Santa Cruz),February,1951-2000,50,1.0,1.0,1.0,0
Mumbai (Santa Cruz),March,1951-2000,50,0.1,0.1,0.1,0
Mumbai (Santa Cruz),April,1951-2000,50,0.5,0.5,0.5,0
Mumbai (Santa Cruz),May,1951-2000,50,20.6,20.6,20.6,1
Mumbai (Santa Cruz),June,1951-2000,50,504.2,504.2,504.2,1
Mumbai (Santa Cruz),July,1951-2000,50,819.4,819.4,819.4,1
Mumbai (Santa Cruz),August,1951-2000,50,546.8,546.8,546.8,1
Mumbai (Santa Cruz),September,1951-2000,50,325.2,325.2,325.2,1
Mumbai (Santa Cruz),October,1951-2000,50,81.1,81.1,81.1,1
Mumbai (Santa Cruz),November,1951-2000,50,113.2,113.2,113.2,1
Mumbai (Santa Cruz),December,1951-2000,50,4.1,4.1,4.1,1
Mysore,January,1901-2000,100,4.8,4.8,4.8,1
Mysore,February,1901-2000,100,5.1,5.1,5.1,1
Mysore,March,1901-2000,100,11.6,11.6,11.6,1
Mysore,April,1901-2000,100,62.4,62.4,62.4,1
Mysore,May,1901-2000,100,145.7,145.7,145.7,1
Mysore,June,1901-2000,100,67.3,67.3,67.3,1
Mysore,July,1901-2000,100,74.3,74.3,74.3,1
Mysore,August,1901-2000,100,78.6,78.6,78.6,1
Mysore,September,1901-2000,100,117.6,117.6,117.6,1
Mysore,October,1901-2000,100,158.7,158.7,158.7,1
Mysore,November,1901-2000,100,63.8,63.8,63.8,1
Mysore,December,1901-2000,100,14.3,14.3,14.3,1
Nagpur (Sonegaon),January,1901-2000,100,12.5,12.5,12.5,1
Nagpur (Sonegaon),February,1901-2000,100,20.7,20.7,20.7,1
Nagpur (Sonegaon),March,1901-2000,100,17.6,17.6,17.6,1
Nagpur (Sonegaon),April,1901-2000,100,14.3,14.3,14.3,1
Nagpur (Sonegaon),May,1901-2000,100,19.2,19.2,19.2,1
Nagpur (Sonegaon),June,1901-2000,100,190.1,190.1,190.1,1
Nagpur (Sonegaon),July,1901-2000,100,341.7,341.7,341.7,1
Nagpur (Sonegaon),August,1901-2000,100,280.5,280.5,280.5,1
Nagpur (Sonegaon),September,1901-2000,100,183.1,183.1,183.1,1
Nagpur (Sonegaon),October,1901-2000,100,56.8,56.8,56.8,1
Nagpur (Sonegaon),November,1901-2000,100,16.6,16.6,16.6,1
Nagpur (Sonegaon),December,1901-2000,100,13.2,13.2,13.2,1
Nainital,January,1953-1979,27,80.3,80.3,80.3,1
Nainital,February,1953-1979,27,60.4,60.4,60.4,1
Nainital,March,1953-1979,27,55.7,55.7,55.7,1
Nainital,April,1953-1979,27,33.7,33.7,33.7,1
Nainital,May,1953-1979,27,73.8,73.8,73.8,1
Nainital,June,1953-1979,27,327.5,327.5,327.5,1
Nainital,July,1953-1979,27,725.0,725.0,725.0,1
Nainital,August,1953-1979,27,553.4,553.4,553.4,1
Nainital,September,1953-1979,27,385.0,385.0,385.0,1
Nainital,October,1953-1979,27,135.4,135.4,135.4,1
Nainital,November,1953-1979,27,7.9,7.9,7.9,1
Nainital,December,1953-1979,27,27.6,27.6,27.6,1
Nasik,January,1949-1990,36,1.3,1.3,1.3,0
Nasik,February,1949-1990,36,0.6,0.6,0.6,0
Nasik,March,1949-1990,36,5.1,5.1,5.1,1
Nasik,April,1949-1990,36,8.0,8.0,8.0,1
Nasik,May,1949-1990,36,18.5,18.5,18.5,1
Nasik,June,1949-1990,36,100.8,100.8,100.8,1
Nasik,July,1949-1990,36,201.7,201.7,201.7,1
Nasik,August,1949-1990,36,136.7,136.7,136.7,1
Nasik,September,1949-1990,36,145.0,145.0,145.0,1
Nasik,October,1949-1990,36,56.9,56.9,56.9,1
Nasik,November,1949-1990,36,24.1,24.1,24.1,1
Nasik,December,1949-1990,36,6.6,6.6,6.6,1
New Delhi (Palam),January,1956-2000,45,18.9,18.9,18.9,1
New Delhi (Palam),February,1956-2000,45,16.6,16.6,16.6,1
New Delhi (Palam),March,1956-2000,45,10.8,10.8,10.8,1
New Delhi (Palam),April,1956-2000,45,30.4,30.4,30.4,1
New Delhi (Palam),May,1956-2000,45,29.0,29.0,29.0,1
New Delhi (Palam),June,1956-2000,45,54.3,54.3,54.3,1
New Delhi (Palam),July,1956-2000,45,216.8,216.8,216.8,1
New Delhi (Palam),August,1956-2000,45,247.6,247.6,247.6,1
New Delhi (Palam),September,1956-2000,45,133.8,133.8,133.8,1
New Delhi (Palam),October,1956-2000,45,15.4,15.4,15.4,1
New Delhi (Palam),November,1956-2000,45,6.6,6.6,6.6,1
New Delhi (Palam),December,1956-2000,45,15.2,15.2,15.2,1
New Delhi (SFD),January,1901-2000,100,20.9,20.9,20.9,1
New Delhi (SFD),February,1901-2000,100,21.0,21.0,21.0,1
New Delhi (SFD),March,1901-2000,100,14.5,14.5,14.5,1
New Delhi (SFD),April,1901-2000,100,10.7,10.7,10.7,1
New Delhi (SFD),May,1901-2000,100,14.1,14.1,14.1,1
New Delhi (SFD),June,1901-2000,100,66.3,66.3,66.3,1
New Delhi (SFD),July,1901-2000,100,198.4,198.4,198.4,1
New Delhi (SFD),August,1901-2000,100,206.5,206.5,206.5,1
New Delhi (SFD),September,1901-2000,100,130.3,130.3,130.3,1
New Delhi (SFD),October,1901-2000,100,20.8,20.8,20.8,1
New Delhi (SFD),November,1901-2000,100,3.9,3.9,3.9,1
New Delhi (SFD),December,1901-2000,100,8.8,8.8,8.8,1
Palakkad (Palghat),January,1943-2000,58,3.5,3.5,3.5,1
Palakkad (Palghat),February,1943-2000,58,6.7,6.7,6.7,1
Palakkad (Palghat),March,1943-2000,58,20.4,20.4,20.4,1
Palakkad (Palghat),April,1943-2000,58,72.9,72.9,72.9,1
Palakkad (Palghat),May,1943-2000,58,151.7,151.7,151.7,1
Palakkad (Palghat),June,1943-2000,58,408.2,408.2,408.2,1
Palakkad (Palghat),July,1943-2000,58,522.6,522.6,522.6,1
Palakkad (Palghat),August,1943-2000,58,317.6,317.6,317.6,1
Palakkad (Palghat),September,1943-2000,58,253.9,253.9,253.9,1
Palakkad (Palghat),October,1943-2000,58,215.2,215.2,215.2,1
Palakkad (Palghat),November,1943-2000,58,111.1,111.1,111.1,1
Palakkad (Palghat),December,1943-2000,58,27.6,27.6,27.6,1
Panjim,January,1901-2000,50,0.9,0.9,0.9,0
Panjim,February,1901-2000,50,0.1,0.1,0.1,0
Panjim,March,1901-2000,50,0.4,0.4,0.4,0
Panjim,April,1901-2000,50,10.2,10.2,10.2,1
Panjim,May,1901-2000,50,66.7,66.7,66.7,1
Panjim,June,1901-2000,50,874.0,874.0,874.0,1
Panjim,July,1901-2000,50,949.5,949.5,949.5,1
Panjim,August,1901-2000,50,515.9,515.9,515.9,1
Panjim,September,1901-2000,50,231.0,231.0,231.0,1
Panjim,October,1901-2000,50,102.6,102.6,102.6,1
Panjim,November,1901-2000,50,30.2,30.2,30.2,1
Panjim,December,1901-2000,50,8.8,8.8,8.8,1
Parbhani,January,1944-2000,57,6.1,6.1,6.1,1
Parbhani,February,1944-2000,57,4.2,4.2,4.2,1
Parbhani,March,1944-2000,57,11.2,11.2,11.2,1
Parbhani,April,1944-2000,57,7.9,7.9,7.9,1
Parbhani,May,1944-2000,57,19.1,19.1,19.1,1
Parbhani,June,1944-2000,57,148.4,148.4,148.4,1
Parbhani,July,1944-2000,57,237.6,237.6,237.6,1
Parbhani,August,1944-2000,57,214.7,214.7,214.7,1
Parbhani,September,1944-2000,57,183.2,183.2,183.2,1
Parbhani,October,1944-2000,57,72.2,72.2,72.2,1
Parbhani,November,1944-2000,57,20.5,20.5,20.5,1
Parbhani,December,1944-2000,57,8.6,8.6,8.6,1
Pasighat,January,1957-1992,35,50.9,50.9,50.9,1
Pasighat,February,1957-1992,35,99.0,99.0,99.0,1
Pasighat,March,1957-1992,35,131.2,131.2,131.2,1
Pasighat,April,1957-1992,35,258.9,258.9,258.9,1
Pasighat,May,1957-1992,35,385.4,385.4,385.4,1
Pasighat,June,1957-1992,35,804.5,804.5,804.5,1
Pasighat,July,1957-1992,35,1053.9,1053.9,1053.9,1
Pasighat,August,1957-1992,35,755.0,755.0,755.0,1
Pasighat,September,1957-1992,35,587.1,587.1,587.1,1
Pasighat,October,1957-1992,35,244.2,244.2,244.2,1
Pasighat,November,1957-1992,35,33.2,33.2,33.2,1
Pasighat,December,1957-1992,35,28.0,28.0,28.0,1
Patna (A),January,1951-2000,50,20.4,20.4,20.4,1
Patna (A),February,1951-2000,50,11.1,11.1,11.1,1
Patna (A),March,1951-2000,50,11.4,11.4,11.4,1
Patna (A),April,1951-2000,50,9.0,9.0,9.0,1
Patna (A),May,1951-2000,50,35.6,35.6,35.6,1
Patna (A),June,1951-2000,50,141.0,141.0,141.0,1
Patna (A),July,1951-2000,50,319.2,319.2,319.2,1
Patna (A),August,1951-2000,50,279.3,279.3,279.3,1
Patna (A),September,1951-2000,50,212.6,212.6,212.6,1
Patna (A),October,1951-2000,50,72.3,72.3,72.3,1
Patna (A),November,1951-2000,50,8.2,8.2,8.2,1
Patna (A),December,1951-2000,50,7.4,7.4,7.4,1
Pondicherry (A),January,1996-2000,5,14.8,14.8,14.8,1
Pondicherry (A),February,1996-2000,5,47.7,47.7,47.7,1
Pondicherry (A),March,1996-2000,5,0.0,0.0,0.0,0
Pondicherry (A),April,1996-2000,5,37.3,37.3,37.3,1
Pondicherry (A),May,1996-2000,5,29.7,29.7,29.7,1
Pondicherry (A),June,1996-2000,5,79.6,79.6,79.6,1
Pondicherry (A),July,1996-2000,5,61.0,61.0,61.0,1
Pondicherry (A),August,1996-2000,5,148.2,148.2,148.2,1
Pondicherry (A),September,1996-2000,5,149.6,149.6,149.6,1
Pondicherry (A),October,1996-2000,5,278.3,278.3,278.3,1
Pondicherry (A),November,1996-2000,5,379.5,379.5,379.5,1
Pondicherry (A),December,1996-2000,5,502.3,502.3,502.3,1
Port Blair,January,1901-2000,97,46.4,46.4,46.4,1
Port Blair,February,1901-2000,97,26.5,26.5,26.5,1
Port Blair,March,1901-2000,97,29.3,29.3,29.3,1
Port Blair,April,1901-2000,97,69.0,69.0,69.0,1
Port Blair,May,1901-2000,97,360.4,360.4,360.4,1
Port Blair,June,1901-2000,97,501.1,501.1,501.1,1
Port Blair,July,1901-2000,97,423.7,423.7,423.7,1
Port Blair,August,1901-2000,97,425.1,425.1,425.1,1
Port Blair,September,1901-2000,97,463.0,463.0,463.0,1
Port Blair,October,1901-2000,97,300.7,300.7,300.7,1
Port Blair,November,1901-2000,97,235.0,235.0,235.0,1
Port Blair,December,1901-2000,97,154.6,154.6,154.6,1
Pune,January,1901-2000,100,1.6,1.6,1.6,0
Pune,February,1901-2000,100,1.1,1.1,1.1,0
Pune,March,1901-2000,100,2.7,2.7,2.7,1
Pune,April,1901-2000,100,13.6,13.6,13.6,1
Pune,May,1901-2000,100,33.3,33.3,33.3,1
Pune,June,1901-2000,100,120.4,120.4,120.4,1
Pune,July,1901-2000,100,179.0,179.0,179.0,1
Pune,August,1901-2000,100,106.4,106.4,106.4,1
Pune,September,1901-2000,100,129.1,129.1,129.1,1
Pune,October,1901-2000,100,78.8,78.8,78.8,1
Pune,November,1901-2000,100,28.6,28.6,28.6,1
Pune,December,1901-2000,100,5.3,5.3,5.3,1
Raipur,January,1901-1998,97,11.7,11.7,11.7,1
Raipur,February,1901-1998,97,21.0,21.0,21.0,1
Raipur,March,1901-1998,97,19.6,19.6,19.6,1
Raipur,April,1901-1998,97,15.5,15.5,15.5,1
Raipur,May,1901-1998,97,22.9,22.9,22.9,1
Raipur,June,1901-1998,97,209.4,209.4,209.4,1
Raipur,July,1901-1998,97,369.1,369.1,369.1,1
Raipur,August,1901-1998,97,365.4,365.4,365.4,1
Raipur,September,1901-1998,97,216.6,216.6,216.6,1
Raipur,October,1901-1998,97,52.1,52.1,52.1,1
Raipur,November,1901-1998,97,11.4,11.4,11.4,1
Raipur,December,1901-1998,97,4.2,4.2,4.2,1
Rajkot (A),January,1905-2000,49,1.0,1.0,1.0,0
Rajkot (A),February,1905-2000,49,1.0,1.0,1.0,0
Rajkot (A),March,1905-2000,49,1.0,1.0,1.0,0
Rajkot (A),April,1905-2000,49,1.6,1.6,1.6,0
Rajkot (A),May,1905-2000,49,3.9,3.9,3.9,1
Rajkot (A),June,1905-2000,49,98.9,98.9,98.9,1
Rajkot (A),July,1905-2000,49,242.5,242.5,242.5,1
Rajkot (A),August,1905-2000,49,174.3,174.3,174.3,1
Rajkot (A),September,1905-2000,49,101.0,101.0,101.0,1
Rajkot (A),October,1905-2000,49,53.2,53.2,53.2,1
Rajkot (A),November,1905-2000,49,10.0,10.0,10.0,1
Rajkot (A),December,1905-2000,49,0.8,0.8,0.8,0
Ranchi (A),January,1951-2000,40,20.5,20.5,20.5,1
Ranchi (A),February,1951-2000,40,25.7,25.7,25.7,1
Ranchi (A),March,1951-2000,40,18.9,18.9,18.9,1
Ranchi (A),April,1951-2000,40,41.2,41.2,41.2,1
Ranchi (A),May,1951-2000,40,58.5,58.5,58.5,1
Ranchi (A),June,1951-2000,40,216.3,216.3,216.3,1
Ranchi (A),July,1951-2000,40,337.9,337.9,337.9,1
Ranchi (A),August,1951-2000,40,326.8,326.8,326.8,1
Ranchi (A),September,1951-2000,40,273.2,273.2,273.2,1
Ranchi (A),October,1951-2000,40,99.7,99.7,99.7,1
Ranchi (A),November,1951-2000,40,16.0,16.0,16.0,1
Ranchi (A),December,1951-2000,40,6.1,6.1,6.1,1
Sambalpur,January,1901-2000,95,14.2,14.2,14.2,1
Sambalpur,February,1901-2000,95,28.0,28.0,28.0,1
Sambalpur,March,1901-2000,95,20.9,20.9,20.9,1
Sambalpur,April,1901-2000,95,14.2,14.2,14.2,1
Sambalpur,May,1901-2000,95,22.7,22.7,22.7,1
Sambalpur,June,1901-2000,95,218.9,218.9,218.9,1
Sambalpur,July,1901-2000,95,459.0,459.0,459.0,1
Sambalpur,August,1901-2000,95,487.5,487.5,487.5,1
Sambalpur,September,1901-2000,95,243.5,243.5,243.5,1
Sambalpur,October,1901-2000,95,56.6,56.6,56.6,1
Sambalpur,November,1901-2000,95,17.6,17.6,17.6,1
Sambalpur,December,1901-2000,95,4.8,4.8,4.8,1
Shillong,January,1902-2000,99,13.7,13.7,13.7,1
Shillong,February,1902-2000,99,22.7,22.7,22.7,1
Shillong,March,1902-2000,99,53.7,53.7,53.7,1
Shillong,April,1902-2000,99,130.1,130.1,130.1,1
Shillong,May,1902-2000,99,273.7,273.7,273.7,1
Shillong,June,1902-2000,99,468.8,468.8,468.8,1
Shillong,July,1902-2000,99,394.5,394.5,394.5,1
Shillong,August,1902-2000,99,317.5,317.5,317.5,1
Shillong,September,1902-2000,99,293.8,293.8,293.8,1
Shillong,October,1902-2000,99,192.4,192.4,192.4,1
Shillong,November,1902-2000,99,37.3,37.3,37.3,1
Shillong,December,1902-2000,99,9.3,9.3,9.3,1
Shimla,January,1901-1992,90,57.9,57.9,57.9,1
Shimla,February,1901-1992,90,64.2,64.2,64.2,1
Shimla,March,1901-1992,90,62.1,62.1,62.1,1
Shimla,April,1901-1992,90,46.1,46.1,46.1,1
Shimla,May,1901-1992,90,62.8,62.8,62.8,1
Shimla,June,1901-1992,90,161.1,161.1,161.1,1
Shimla,July,1901-1992,90,419.0,419.0,419.0,1
Shimla,August,1901-1992,90,385.9,385.9,385.9,1
Shimla,September,1901-1992,90,206.5,206.5,206.5,1
Shimla,October,1901-1992,90,38.5,38.5,38.5,1
Shimla,November,1901-1992,90,12.0,12.0,12.0,1
Shimla,December,1901-1992,90,23.2,23.2,23.2,1
Silchar,January,1901-2000,89,18.0,18.0,18.0,1
Silchar,February,1901-2000,89,47.6,47.6,47.6,1
Silchar,March,1901-2000,89,152.6,152.6,152.6,1
Silchar,April,1901-2000,89,328.8,328.8,328.8,1
Silchar,May,1901-2000,89,430.5,430.5,430.5,1
Silchar,June,1901-2000,89,588.3,588.3,588.3,1
Silchar,July,1901-2000,89,531.3,531.3,531.3,1
Silchar,August,1901-2000,89,480.7,480.7,480.7,1
Silchar,September,1901-2000,89,383.8,383.8,383.8,1
Silchar,October,1901-2000,89,204.4,204.4,204.4,1
Silchar,November,1901-2000,89,42.0,42.0,42.0,1
Silchar,December,1901-2000,89,10.0,10.0,10.0,1
Solapur,January,1901-2000,100,4.7,4.7,4.7,1
Solapur,February,1901-2000,100,4.4,4.4,4.4,1
Solapur,March,1901-2000,100,5.0,5.0,5.0,1
Solapur,April,1901-2000,100,12.4,12.4,12.4,1
Solapur,May,1901-2000,100,27.6,27.6,27.6,1
Solapur,June,1901-2000,100,116.9,116.9,116.9,1
Solapur,July,1901-2000,100,129.9,129.9,129.9,1
Solapur,August,1901-2000,100,119.8,119.8,119.8,1
Solapur,September,1901-2000,100,182.4,182.4,182.4,1
Solapur,October,1901-2000,100,85.4,85.4,85.4,1
Solapur,November,1901-2000,100,26.4,26.4,26.4,1
Solapur,December,1901-2000,100,7.8,7.8,7.8,1
Sri Niketan,January,1961-2000,39,11.6,11.6,11.6,1
Sri Niketan,February,1961-2000,39,23.5,23.5,23.5,1
Sri Niketan,March,1961-2000,39,28.4,28.4,28.4,1
Sri Niketan,April,1961-2000,39,44.9,44.9,44.9,1
Sri Niketan,May,1961-2000,39,98.4,98.4,98.4,1
Sri Niketan,June,1961-2000,39,242.8,242.8,242.8,1
Sri Niketan,July,1961-2000,39,317.2,317.2,317.2,1
Sri Niketan,August,1961-2000,39,276.5,276.5,276.5,1
Sri Niketan,September,1961-2000,39,253.3,253.3,253.3,1
Sri Niketan,October,1961-2000,39,97.2,97.2,97.2,1
Sri Niketan,November,1961-2000,39,17.2,17.2,17.2,1
Sri Niketan,December,1961-2000,39,8.6,8.6,8.6,1
Srinagar,January,1901-2000,98,62.2,62.2,62.2,1
Srinagar,February,1901-2000,98,71.4,71.4,71.4,1
Srinagar,March,1901-2000,98,101.1,101.1,101.1,1
Srinagar,April,1901-2000,98,90.7,90.7,90.7,1
Srinagar,May,1901-2000,98,68.2,68.2,68.2,1
Srinagar,June,1901-2000,98,36.3,36.3,36.3,1
Srinagar,July,1901-2000,98,54.3,54.3,54.3,1
Srinagar,August,1901-2000,98,64.6,64.6,64.6,1
Srinagar,September,1901-2000,98,35.4,35.4,35.4,1
Srinagar,October,1901-2000,98,30.9,30.9,30.9,1
Srinagar,November,1901-2000,98,19.7,19.7,19.7,1
Srinagar,December,1901-2000,98,41.4,41.4,41.4,1
Surat,January,1901-2000,99,2.1,2.1,2.1,0
Surat,February,1901-2000,99,1.0,1.0,1.0,0
Surat,March,1901-2000,99,0.8,0.8,0.8,0
Surat,April,1901-2000,99,2.2,2.2,2.2,0
Surat,May,1901-2000,99,6.4,6.4,6.4,1
Surat,June,1901-2000,99,212.8,212.8,212.8,1
Surat,July,1901-2000,99,440.8,440.8,440.8,1
Surat,August,1901-2000,99,233.4,233.4,233.4,1
Surat,September,1901-2000,99,169.7,169.7,169.7,1
Surat,October,1901-2000,99,33.5,33.5,33.5,1
Surat,November,1901-2000,99,12.4,12.4,12.4,1
Surat,December,1901-2000,99,2.1,2.1,2.1,0
Thiruvananthapuram,January,1901-2000,100,22.9,22.9,22.9,1
Thiruvananthapuram,February,1901-2000,100,21.9,21.9,21.9,1
Thiruvananthapuram,March,1901-2000,100,36.4,36.4,36.4,1
Thiruvananthapuram,April,1901-2000,100,110.5,110.5,110.5,1
Thiruvananthapuram,May,1901-2000,100,210.0,210.0,210.0,1
Thiruvananthapuram,June,1901-2000,100,343.5,343.5,343.5,1
Thiruvananthapuram,July,1901-2000,100,218.6,218.6,218.6,1
Thiruvananthapuram,August,1901-2000,100,143.2,143.2,143.2,1
Thiruvananthapuram,September,1901-2000,100,152.5,152.5,152.5,1
Thiruvananthapuram,October,1901-2000,100,267.9,267.9,267.9,1
Thiruvananthapuram,November,1901-2000,100,199.0,199.0,199.0,1
Thiruvananthapuram,December,1901-2000,100,70.2,70.2,70.2,1
Tirupathy,January,1981-2000,20,22.0,22.0,22.0,1
Tirupathy,February,1981-2000,20,19.7,19.7,19.7,1
Tirupathy,March,1981-2000,20,2.9,2.9,2.9,1
Tirupathy,April,1981-2000,20,13.9,13.9,13.9,1
Tirupathy,May,1981-2000,20,45.7,45.7,45.7,1
Tirupathy,June,1981-2000,20,69.7,69.7,69.7,1
Tirupathy,July,1981-2000,20,113.0,113.0,113.0,1
Tirupathy,August,1981-2000,20,118.6,118.6,118.6,1
Tirupathy,September,1981-2000,20,119.1,119.1,119.1,1
Tirupathy,October,1981-2000,20,157.5,157.5,157.5,1
Tirupathy,November,1981-2000,20,218.7,218.7,218.7,1
Tirupathy,December,1981-2000,20,130.5,130.5,130.5,1
Tura,January,1950-1985,35,8.7,8.7,8.7,1
Tura,February,1950-1985,35,11.0,11.0,11.0,1
Tura,March,1950-1985,35,53.4,53.4,53.4,1
Tura,April,1950-1985,35,147.8,147.8,147.8,1
Tura,May,1950-1985,35,402.8,402.8,402.8,1
Tura,June,1950-1985,35,611.5,611.5,611.5,1
Tura,July,1950-1985,35,628.3,628.3,628.3,1
Tura,August,1950-1985,35,458.8,458.8,458.8,1
Tura,September,1950-1985,35,377.4,377.4,377.4,1
Tura,October,1950-1985,35,210.7,210.7,210.7,1
Tura,November,1950-1985,35,28.5,28.5,28.5,1
Tura,December,1950-1985,35,2.4,2.4,2.4,0
Udaipur (Dabok),January,1965-2000,36,2.4,2.4,2.4,0
Udaipur (Dabok),February,1965-2000,36,13.8,13.8,13.8,1
Udaipur (Dabok),March,1965-2000,36,6.2,6.2,6.2,1
Udaipur (Dabok),April,1965-2000,36,5.2,5.2,5.2,1
Udaipur (Dabok),May,1965-2000,36,16.9,16.9,16.9,1
Udaipur (Dabok),June,1965-2000,36,75.2,75.2,75.2,1
Udaipur (Dabok),July,1965-2000,36,175.1,175.1,175.1,1
Udaipur (Dabok),August,1965-2000,36,195.3,195.3,195.3,1
Udaipur (Dabok),September,1965-2000,36,89.4,89.4,89.4,1
Udaipur (Dabok),October,1965-2000,36,16.3,16.3,16.3,1
Udaipur (Dabok),November,1965-2000,36,12.8,12.8,12.8,1
Udaipur (Dabok),December,1965-2000,36,2.9,2.9,2.9,1
Uthagamandalam,January,1901-2000,87,20.5,20.5,20.5,1
Uthagamandalam,February,1901-2000,87,10.2,10.2,10.2,1
Uthagamandalam,March,1901-2000,87,25.8,25.8,25.8,1
Uthagamandalam,April,1901-2000,87,75.4,75.4,75.4,1
Uthagamandalam,May,1901-2000,87,147.5,147.5,147.5,1
Uthagamandalam,June,1901-2000,87,136.7,136.7,136.7,1
Uthagamandalam,July,1901-2000,87,181.1,181.1,181.1,1
Uthagamandalam,August,1901-2000,87,123.7,123.7,123.7,1
Uthagamandalam,September,1901-2000,87,134.9,134.9,134.9,1
Uthagamandalam,October,1901-2000,87,189.2,189.2,189.2,1
Uthagamandalam,November,1901-2000,87,139.9,139.9,139.9,1
Uthagamandalam,December,1901-2000,87,52.8,52.8,52.8,1
Varanasi (Babatpur),January,1952-2000,48,17.6,17.6,17.6,1
Varanasi (Babatpur),February,1952-2000,48,15.0,15.0,15.0,1
Varanasi (Babatpur),March,1952-2000,48,7.9,7.9,7.9,1
Varanasi (Babatpur),April,1952-2000,48,4.4,4.4,4.4,1
Varanasi (Babatpur),May,1952-2000,48,10.5,10.5,10.5,1
Varanasi (Babatpur),June,1952-2000,48,96.6,96.6,96.6,1
Varanasi (Babatpur),July,1952-2000,48,309.9,309.9,309.9,1
Varanasi (Babatpur),August,1952-2000,48,273.2,273.2,273.2,1
Varanasi (Babatpur),September,1952-2000,48,246.4,246.4,246.4,1
Varanasi (Babatpur),October,1952-2000,48,35.1,35.1,35.1,1
Varanasi (Babatpur),November,1952-2000,48,10.7,10.7,10.7,1
Varanasi (Babatpur),December,1952-2000,48,6.5,6.5,6.5,1
Vijayawada,January,1978-1993,14,6.2,6.2,6.2,1
Vijayawada,February,1978-1993,14,4.6,4.6,4.6,1
Vijayawada,March,1978-1993,14,4.6,4.6,4.6,1
Vijayawada,April,1978-1993,14,4.8,4.8,4.8,1
Vijayawada,May,1978-1993,14,20.8,20.8,20.8,1
Vijayawada,June,1978-1993,14,80.8,80.8,80.8,1
Vijayawada,July,1978-1993,14,173.0,173.0,173.0,1
Vijayawada,August,1978-1993,14,146.2,146.2,146.2,1
Vijayawada,September,1978-1993,14,179.9,179.9,179.9,1
Vijayawada,October,1978-1993,14,57.2,57.2,57.2,1
Vijayawada,November,1978-1993,14,52.3,52.3,52.3,1
Vijayawada,December,1978-1993,14,5.8,5.8,5.8,1
Vishakhapatnam,January,1968-2000,29,14.2,14.2,14.2,1
Vishakhapatnam,February,1968-2000,29,21.1,21.1,21.1,1
Vishakhapatnam,March,1968-2000,29,8.3,8.3,8.3,1
Vishakhapatnam,April,1968-2000,29,25.6,25.6,25.6,1
Vishakhapatnam,May,1968-2000,29,68.7,68.7,68.7,1
Vishakhapatnam,June,1968-2000,29,124.6,124.6,124.6,1
Vishakhapatnam,July,1968-2000,29,142.1,142.1,142.1,1
Vishakhapatnam,August,1968-2000,29,165.2,165.2,165.2,1
Vishakhapatnam,September,1968-2000,29,164.0,164.0,164.0,1
Vishakhapatnam,October,1968-2000,29,238.2,238.2,238.2,1
Vishakhapatnam,November,1968-2000,29,124.0,124.0,124.0,1
Vishakhapatnam,December,1968-2000,29,6.7,6.7,6.7,1
