Station Name,Month,Period,No. of Years,Mean Temperature in degree C - Maximum,Mean Temperature  in degree C - Minimum,Average_Temperature,Temperature_Range
Abu,January,1901-2000,100,19.3,8.0,13.65,11.3
Abu,February,1901-2000,100,21.0,10.0,15.5,11.0
Abu,March,1901-2000,100,25.3,14.5,19.9,10.8
Abu,April,1901-2000,100,29.4,18.7,24.049999999999997,10.7
Abu,May,1901-2000,100,31.5,21.0,26.25,10.5
Abu,June,1901-2000,100,29.1,19.8,24.450000000000003,9.3
Abu,July,1901-2000,100,24.5,18.7,21.6,5.800000000000001
Abu,August,1901-2000,100,22.7,17.8,20.25,4.899999999999999
Abu,September,1901-2000,100,24.5,17.6,21.05,6.899999999999999
Abu,October,1901-2000,100,26.7,16.2,21.45,10.5
Abu,November,1901-2000,100,23.8,12.1,17.95,11.700000000000001
Abu,December,1901-2000,100,20.9,9.0,14.95,11.899999999999999
Agartala (A),January,1953-2000,43,25.6,10.0,17.8,15.600000000000001
Agartala (A),February,1953-2000,43,28.3,13.2,20.75,15.100000000000001
Agartala (A),March,1953-2000,43,32.5,18.7,25.6,13.8
Agartala (A),April,1953-2000,43,33.7,22.2,27.950000000000003,11.500000000000004
Agartala (A),May,1953-2000,43,32.8,23.5,28.15,9.299999999999997
Agartala (A),June,1953-2000,43,31.8,24.6,28.200000000000003,7.199999999999999
Agartala (A),July,1953-2000,43,31.4,24.8,28.1,6.599999999999998
Agartala (A),August,1953-2000,43,31.7,24.7,28.2,7.0
Agartala (A),September,1953-2000,43,31.7,24.3,28.0,7.399999999999999
Agartala (A),October,1953-2000,43,31.1,22.0,26.55,9.100000000000001
Agartala (A),November,1953-2000,43,29.2,16.6,22.9,12.599999999999998
Agartala (A),December,1953-2000,43,26.4,11.3,18.85,15.099999999999998
Agra,January,1901-2000,100,22.3,7.7,15.0,14.600000000000001
Agra,February,1901-2000,100,25.5,10.3,17.9,15.2
Agra,March,1901-2000,100,31.9,15.5,23.7,16.4
Agra,April,1901-2000,100,37.9,21.5,29.7,16.4
Agra,May,1901-2000,100,41.7,26.5,34.1,15.200000000000003
Agra,June,1901-2000,100,40.7,28.9,34.8,11.800000000000004
Agra,July,1901-2000,100,35.3,26.8,31.049999999999997,8.499999999999996
Agra,August,1901-2000,100,33.2,25.7,29.450000000000003,7.5000000000000036
Agra,September,1901-2000,100,34.0,24.3,29.15,9.7
Agra,October,1901-2000,100,34.0,19.1,26.55,14.899999999999999
Agra,November,1901-2000,100,29.2,12.5,20.85,16.7
Agra,December,1901-2000,100,23.9,8.2,16.049999999999997,15.7
Ahmedabad,January,1901-2000,100,28.7,13.1,20.9,15.6
Ahmedabad,February,1901-2000,100,31.0,14.8,22.9,16.2
Ahmedabad,March,1901-2000,100,35.9,19.4,27.65,16.5
Ahmedabad,April,1901-2000,100,39.5,23.5,31.5,16.0
Ahmedabad,May,1901-2000,100,41.4,26.3,33.85,15.099999999999998
Ahmedabad,June,1901-2000,100,38.5,27.2,32.85,11.3
Ahmedabad,July,1901-2000,100,33.5,25.7,29.6,7.800000000000001
Ahmedabad,August,1901-2000,100,32.0,24.9,28.45,7.100000000000001
Ahmedabad,September,1901-2000,100,33.5,24.4,28.95,9.100000000000001
Ahmedabad,October,1901-2000,100,35.8,21.9,28.849999999999998,13.899999999999999
Ahmedabad,November,1901-2000,100,33.2,17.5,25.35,15.700000000000003
Ahmedabad,December,1901-2000,100,29.9,14.1,22.0,15.799999999999999
Aijal/Aizwal,January,1937-1992,34,20.4,11.4,15.899999999999999,8.999999999999998
Aijal/Aizwal,February,1937-1992,34,21.7,12.8,17.25,8.899999999999999
Aijal/Aizwal,March,1937-1992,34,25.2,15.6,20.4,9.6
Aijal/Aizwal,April,1937-1992,34,26.8,17.5,22.15,9.3
Aijal/Aizwal,May,1937-1992,34,26.3,18.1,22.200000000000003,8.2
Aijal/Aizwal,June,1937-1992,34,25.5,18.9,22.2,6.600000000000001
Aijal/Aizwal,July,1937-1992,34,25.3,19.1,22.200000000000003,6.199999999999999
Aijal/Aizwal,August,1937-1992,34,25.5,19.1,22.3,6.399999999999999
Aijal/Aizwal,September,1937-1992,34,25.7,19.2,22.45,6.5
Aijal/Aizwal,October,1937-1992,34,24.7,18.0,21.35,6.699999999999999
Aijal/Aizwal,November,1937-1992,34,23.0,15.1,19.05,7.9
Aijal/Aizwal,December,1937-1992,34,21.0,12.2,16.6,8.8
Ajmer,January,1901-2000,100,22.9,7.6,15.25,15.299999999999999
Ajmer,February,1901-2000,100,25.7,10.3,18.0,15.399999999999999
Ajmer,March,1901-2000,100,31.3,16.0,23.65,15.3
Ajmer,April,1901-2000,100,36.5,22.2,29.35,14.3
Ajmer,May,1901-2000,100,39.7,26.8,33.25,12.900000000000002
Ajmer,June,1901-2000,100,38.4,27.5,32.95,10.899999999999999
Ajmer,July,1901-2000,100,33.6,25.6,29.6,8.0
Ajmer,August,1901-2000,100,31.3,24.4,27.85,6.900000000000002
Ajmer,September,1901-2000,100,32.6,23.7,28.15,8.900000000000002
Ajmer,October,1901-2000,100,33.5,18.8,26.15,14.7
Ajmer,November,1901-2000,100,29.2,12.3,20.75,16.9
Ajmer,December,1901-2000,100,24.7,8.4,16.55,16.299999999999997
Akola (A),January,1961-2000,40,29.9,13.1,21.5,16.799999999999997
Akola (A),February,1961-2000,40,32.8,15.4,24.099999999999998,17.4
Akola (A),March,1961-2000,40,37.3,19.7,28.5,17.599999999999998
Akola (A),April,1961-2000,40,40.9,24.2,32.55,16.7
Akola (A),May,1961-2000,40,42.5,27.3,34.9,15.2
Akola (A),June,1961-2000,40,37.6,25.5,31.55,12.100000000000001
Akola (A),July,1961-2000,40,32.4,23.5,27.95,8.899999999999999
Akola (A),August,1961-2000,40,30.6,23.0,26.8,7.600000000000001
Akola (A),September,1961-2000,40,32.5,22.5,27.5,10.0
Akola (A),October,1961-2000,40,34.1,19.7,26.9,14.400000000000002
Akola (A),November,1961-2000,40,31.7,15.6,23.65,16.1
Akola (A),December,1961-2000,40,29.5,12.4,20.95,17.1
Allahabad,January,1901-2000,100,23.5,8.9,16.2,14.6
Allahabad,February,1901-2000,100,26.7,11.4,19.05,15.299999999999999
Allahabad,March,1901-2000,100,33.4,16.6,25.0,16.799999999999997
Allahabad,April,1901-2000,100,39.1,22.3,30.700000000000003,16.8
Allahabad,May,1901-2000,100,41.8,26.7,34.25,15.099999999999998
Allahabad,June,1901-2000,100,39.8,28.5,34.15,11.299999999999997
Allahabad,July,1901-2000,100,34.0,26.6,30.3,7.399999999999999
Allahabad,August,1901-2000,100,32.5,25.9,29.2,6.600000000000001
Allahabad,September,1901-2000,100,33.0,25.0,29.0,8.0
Allahabad,October,1901-2000,100,33.0,20.2,26.6,12.8
Allahabad,November,1901-2000,100,29.2,13.5,21.35,15.7
Allahabad,December,1901-2000,100,24.6,9.4,17.0,15.200000000000001
Ambikapur,January,1951-2000,49,23.5,8.7,16.1,14.8
Ambikapur,February,1951-2000,49,26.8,11.3,19.05,15.5
Ambikapur,March,1951-2000,49,32.0,15.6,23.8,16.4
Ambikapur,April,1951-2000,49,36.8,20.8,28.799999999999997,15.999999999999996
Ambikapur,May,1951-2000,49,39.4,24.7,32.05,14.7
Ambikapur,June,1951-2000,49,35.5,24.8,30.15,10.7
Ambikapur,July,1951-2000,49,29.7,23.2,26.45,6.5
Ambikapur,August,1951-2000,49,29.3,22.9,26.1,6.400000000000002
Ambikapur,September,1951-2000,49,29.8,22.1,25.950000000000003,7.699999999999999
Ambikapur,October,1951-2000,49,29.5,18.1,23.8,11.399999999999999
Ambikapur,November,1951-2000,49,26.5,12.2,19.35,14.3
Ambikapur,December,1951-2000,49,23.8,8.5,16.15,15.3
Amini Divi,January,1901-2000,97,31.2,23.6,27.4,7.599999999999998
Amini Divi,February,1901-2000,97,31.7,24.5,28.1,7.199999999999999
Amini Divi,March,1901-2000,97,32.5,25.3,28.9,7.199999999999999
Amini Divi,April,1901-2000,97,33.3,26.7,30.0,6.599999999999998
Amini Divi,May,1901-2000,97,33.0,27.1,30.05,5.899999999999999
Amini Divi,June,1901-2000,97,30.4,25.7,28.049999999999997,4.699999999999999
Amini Divi,July,1901-2000,97,29.6,25.3,27.450000000000003,4.300000000000001
Amini Divi,August,1901-2000,97,29.6,25.3,27.450000000000003,4.300000000000001
Amini Divi,September,1901-2000,97,30.0,25.3,27.65,4.699999999999999
Amini Divi,October,1901-2000,97,30.5,25.1,27.8,5.399999999999999
Amini Divi,November,1901-2000,97,31.0,24.5,27.75,6.5
Amini Divi,December,1901-2000,97,31.1,23.7,27.4,7.400000000000002
Amritsar (Rajasansi),January,1948-2000,53,19.2,3.9,11.549999999999999,15.299999999999999
Amritsar (Rajasansi),February,1948-2000,53,21.9,6.3,14.1,15.599999999999998
Amritsar (Rajasansi),March,1948-2000,53,26.9,11.0,18.95,15.899999999999999
Amritsar (Rajasansi),April,1948-2000,53,33.9,16.2,25.049999999999997,17.7
Amritsar (Rajasansi),May,1948-2000,53,38.8,21.2,30.0,17.599999999999998
Amritsar (Rajasansi),June,1948-2000,53,39.8,24.9,32.349999999999994,14.899999999999999
Amritsar (Rajasansi),July,1948-2000,53,35.3,25.6,30.45,9.699999999999996
Amritsar (Rajasansi),August,1948-2000,53,34.3,25.2,29.75,9.099999999999998
Amritsar (Rajasansi),September,1948-2000,53,34.4,22.7,28.549999999999997,11.7
Amritsar (Rajasansi),October,1948-2000,53,32.3,15.7,24.0,16.599999999999998
Amritsar (Rajasansi),November,1948-2000,53,27.0,8.6,17.8,18.4
Amritsar (Rajasansi),December,1948-2000,53,21.3,4.3,12.8,17.0
Anantpur,January,1946-2000,55,30.4,17.4,23.9,13.0
Anantpur,February,1946-2000,55,33.7,19.3,26.5,14.400000000000002
Anantpur,March,1946-2000,55,37.1,22.4,29.75,14.700000000000003
Anantpur,April,1946-2000,55,38.9,25.8,32.35,13.099999999999998
Anantpur,May,1946-2000,55,38.8,26.2,32.5,12.599999999999998
Anantpur,June,1946-2000,55,35.4,25.0,30.2,10.399999999999999
Anantpur,July,1946-2000,55,33.3,24.2,28.75,9.099999999999998
Anantpur,August,1946-2000,55,32.8,23.8,28.299999999999997,8.999999999999996
Anantpur,September,1946-2000,55,32.8,23.4,28.099999999999998,9.399999999999999
Anantpur,October,1946-2000,55,31.8,22.5,27.15,9.3
Anantpur,November,1946-2000,55,30.1,20.1,25.1,10.0
Anantpur,December,1946-2000,55,29.1,17.7,23.4,11.400000000000002
Androth,January,1965-1979,11,30.3,24.4,27.35,5.900000000000002
Androth,February,1965-1979,11,30.9,24.8,27.85,6.099999999999998
Androth,March,1965-1979,11,32.2,25.5,28.85,6.700000000000003
Androth,April,1965-1979,11,33.1,26.3,29.700000000000003,6.800000000000001
Androth,May,1965-1979,11,32.8,26.4,29.599999999999998,6.399999999999999
Androth,June,1965-1979,11,30.5,24.9,27.7,5.600000000000001
Androth,July,1965-1979,11,29.9,24.3,27.1,5.599999999999998
Androth,August,1965-1979,11,30.1,24.9,27.5,5.200000000000003
Androth,September,1965-1979,11,30.0,24.7,27.35,5.300000000000001
Androth,October,1965-1979,11,30.5,24.7,27.6,5.800000000000001
Androth,November,1965-1979,11,30.4,24.1,27.25,6.299999999999997
Androth,December,1965-1979,11,30.7,24.0,27.35,6.699999999999999
Aurangabad,January,1952-2000,49,29.0,11.0,20.0,18.0
Aurangabad,February,1952-2000,49,31.7,13.0,22.35,18.7
Aurangabad,March,1952-2000,49,35.6,17.6,26.6,18.0
Aurangabad,April,1952-2000,49,38.5,21.9,30.2,16.6
Aurangabad,May,1952-2000,49,39.5,23.9,31.7,15.600000000000001
Aurangabad,June,1952-2000,49,34.7,22.9,28.8,11.800000000000004
Aurangabad,July,1952-2000,49,30.3,21.7,26.0,8.600000000000001
Aurangabad,August,1952-2000,49,29.2,21.1,25.15,8.099999999999998
Aurangabad,September,1952-2000,49,30.3,20.6,25.450000000000003,9.7
Aurangabad,October,1952-2000,49,31.8,18.0,24.9,13.8
Aurangabad,November,1952-2000,49,30.0,13.7,21.85,16.3
Aurangabad,December,1952-2000,49,28.4,10.7,19.549999999999997,17.7
Balasore,January,1901-2000,97,27.0,13.9,20.45,13.1
Balasore,February,1901-2000,97,29.5,16.7,23.1,12.8
Balasore,March,1901-2000,97,33.7,21.0,27.35,12.700000000000003
Balasore,April,1901-2000,97,36.0,24.4,30.2,11.600000000000001
Balasore,May,1901-2000,97,36.1,26.0,31.05,10.100000000000001
Balasore,June,1901-2000,97,34.2,26.2,30.200000000000003,8.000000000000004
Balasore,July,1901-2000,97,31.8,25.8,28.8,6.0
Balasore,August,1901-2000,97,31.4,25.8,28.6,5.599999999999998
Balasore,September,1901-2000,97,31.7,25.5,28.6,6.199999999999999
Balasore,October,1901-2000,97,31.3,23.0,27.15,8.3
Balasore,November,1901-2000,97,29.2,17.8,23.5,11.399999999999999
Balasore,December,1901-2000,97,26.9,13.7,20.299999999999997,13.2
Bangalore,January,1901-2000,100,27.4,15.0,21.2,12.399999999999999
Bangalore,February,1901-2000,100,30.1,16.6,23.35,13.5
Bangalore,March,1901-2000,100,32.8,19.0,25.9,13.799999999999997
Bangalore,April,1901-2000,100,33.9,21.3,27.6,12.599999999999998
Bangalore,May,1901-2000,100,33.1,21.1,27.1,12.0
Bangalore,June,1901-2000,100,29.4,19.8,24.6,9.599999999999998
Bangalore,July,1901-2000,100,27.7,19.3,23.5,8.399999999999999
Bangalore,August,1901-2000,100,27.6,19.2,23.4,8.400000000000002
Bangalore,September,1901-2000,100,28.1,19.1,23.6,9.0
Bangalore,October,1901-2000,100,27.9,18.9,23.4,9.0
Bangalore,November,1901-2000,100,26.8,17.2,22.0,9.600000000000001
Bangalore,December,1901-2000,100,26.2,15.4,20.8,10.799999999999999
Bareilly,January,1901-2000,97,21.6,8.3,14.950000000000001,13.3
Bareilly,February,1901-2000,97,24.0,10.4,17.2,13.6
Bareilly,March,1901-2000,97,30.6,15.2,22.9,15.400000000000002
Bareilly,April,1901-2000,97,36.8,20.9,28.849999999999998,15.899999999999999
Bareilly,May,1901-2000,97,39.9,25.1,32.5,14.799999999999997
Bareilly,June,1901-2000,97,38.6,27.0,32.8,11.600000000000001
Bareilly,July,1901-2000,97,33.9,26.1,30.0,7.799999999999997
Bareilly,August,1901-2000,97,32.6,25.8,29.200000000000003,6.800000000000001
Bareilly,September,1901-2000,97,33.0,24.4,28.7,8.600000000000001
Bareilly,October,1901-2000,97,32.3,19.3,25.799999999999997,12.999999999999996
Bareilly,November,1901-2000,97,28.0,12.7,20.35,15.3
Bareilly,December,1901-2000,97,23.2,8.8,16.0,14.399999999999999
Baroda (A),January,1952-2000,48,29.5,12.5,21.0,17.0
Baroda (A),February,1952-2000,48,31.9,14.2,23.049999999999997,17.7
Baroda (A),March,1952-2000,48,36.2,18.4,27.3,17.800000000000004
Baroda (A),April,1952-2000,48,39.2,23.0,31.1,16.200000000000003
Baroda (A),May,1952-2000,48,40.1,26.6,33.35,13.5
Baroda (A),June,1952-2000,48,36.8,27.0,31.9,9.799999999999997
Baroda (A),July,1952-2000,48,32.5,25.8,29.15,6.699999999999999
Baroda (A),August,1952-2000,48,31.4,25.0,28.2,6.399999999999999
Baroda (A),September,1952-2000,48,33.0,24.5,28.75,8.5
Baroda (A),October,1952-2000,48,35.5,21.4,28.45,14.100000000000001
Baroda (A),November,1952-2000,48,33.4,16.9,25.15,16.5
Baroda (A),December,1952-2000,48,30.7,13.7,22.2,17.0
Belgaum Samra,January,1952-2000,49,29.2,14.6,21.9,14.6
Belgaum Samra,February,1952-2000,49,31.7,15.7,23.7,16.0
Belgaum Samra,March,1952-2000,49,34.6,18.5,26.55,16.1
Belgaum Samra,April,1952-2000,49,35.8,20.4,28.099999999999998,15.399999999999999
Belgaum Samra,May,1952-2000,49,34.3,21.0,27.65,13.299999999999997
Belgaum Samra,June,1952-2000,49,28.7,20.9,24.799999999999997,7.800000000000001
Belgaum Samra,July,1952-2000,49,25.8,20.4,23.1,5.400000000000002
Belgaum Samra,August,1952-2000,49,25.7,20.1,22.9,5.599999999999998
Belgaum Samra,September,1952-2000,49,27.6,19.5,23.55,8.100000000000001
Belgaum Samra,October,1952-2000,49,29.2,19.1,24.15,10.099999999999998
Belgaum Samra,November,1952-2000,49,28.6,16.9,22.75,11.700000000000003
Belgaum Samra,December,1952-2000,49,28.2,15.2,21.7,13.0
Bhagalpur,January,1901-1999,56,24.2,11.6,17.9,12.6
Bhagalpur,February,1901-1999,56,27.2,13.9,20.55,13.299999999999999
Bhagalpur,March,1901-1999,56,33.1,18.9,26.0,14.200000000000003
Bhagalpur,April,1901-1999,56,37.5,23.3,30.4,14.2
Bhagalpur,May,1901-1999,56,37.6,25.0,31.3,12.600000000000001
Bhagalpur,June,1901-1999,56,35.5,26.3,30.9,9.2
Bhagalpur,July,1901-1999,56,33.0,26.3,29.65,6.699999999999999
Bhagalpur,August,1901-1999,56,32.6,26.3,29.450000000000003,6.300000000000001
Bhagalpur,September,1901-1999,56,32.8,25.8,29.299999999999997,6.9999999999999964
Bhagalpur,October,1901-1999,56,32.2,23.0,27.6,9.200000000000003
Bhagalpur,November,1901-1999,56,29.4,17.1,23.25,12.299999999999997
Bhagalpur,December,1901-1999,56,25.5,12.4,18.95,13.1
Bhatinda,January,1959-1984,24,20.5,4.7,12.6,15.8
Bhatinda,February,1959-1984,24,22.8,7.8,15.3,15.0
Bhatinda,March,1959-1984,24,28.3,12.5,20.4,15.8
Bhatinda,April,1959-1984,24,35.7,18.6,27.150000000000002,17.1
Bhatinda,May,1959-1984,24,40.0,22.7,31.35,17.3
Bhatinda,June,1959-1984,24,41.4,26.8,34.1,14.599999999999998
Bhatinda,July,1959-1984,24,36.9,26.3,31.6,10.599999999999998
Bhatinda,August,1959-1984,24,35.4,25.3,30.35,10.099999999999998
Bhatinda,September,1959-1984,24,35.4,22.6,29.0,12.799999999999997
Bhatinda,October,1959-1984,24,34.0,16.3,25.15,17.7
Bhatinda,November,1959-1984,24,28.2,9.6,18.9,18.6
Bhatinda,December,1959-1984,24,22.7,5.2,13.95,17.5
Bhopal (Bairagarh),January,1949-2000,52,25.3,10.5,17.9,14.8
Bhopal (Bairagarh),February,1949-2000,52,28.3,12.4,20.35,15.9
Bhopal (Bairagarh),March,1949-2000,52,33.5,17.1,25.3,16.4
Bhopal (Bairagarh),April,1949-2000,52,38.3,21.8,30.049999999999997,16.499999999999996
Bhopal (Bairagarh),May,1949-2000,52,40.7,25.7,33.2,15.000000000000004
Bhopal (Bairagarh),June,1949-2000,52,37.2,25.4,31.3,11.800000000000004
Bhopal (Bairagarh),July,1949-2000,52,30.7,23.2,26.95,7.5
Bhopal (Bairagarh),August,1949-2000,52,28.9,22.5,25.7,6.399999999999999
Bhopal (Bairagarh),September,1949-2000,52,30.5,21.6,26.05,8.899999999999999
Bhopal (Bairagarh),October,1949-2000,52,32.0,18.5,25.25,13.5
Bhopal (Bairagarh),November,1949-2000,52,28.9,14.2,21.549999999999997,14.7
Bhopal (Bairagarh),December,1949-2000,52,26.0,10.9,18.45,15.1
Bhubaneshwar (A),January,1952-2000,49,28.5,15.5,22.0,13.0
Bhubaneshwar (A),February,1952-2000,49,31.6,18.6,25.1,13.0
Bhubaneshwar (A),March,1952-2000,49,35.1,22.3,28.700000000000003,12.8
Bhubaneshwar (A),April,1952-2000,49,37.2,25.1,31.150000000000002,12.100000000000001
Bhubaneshwar (A),May,1952-2000,49,37.5,26.5,32.0,11.0
Bhubaneshwar (A),June,1952-2000,49,35.2,26.1,30.650000000000002,9.100000000000001
Bhubaneshwar (A),July,1952-2000,49,32.0,25.2,28.6,6.800000000000001
Bhubaneshwar (A),August,1952-2000,49,31.6,25.1,28.35,6.5
Bhubaneshwar (A),September,1952-2000,49,31.9,24.8,28.35,7.099999999999998
Bhubaneshwar (A),October,1952-2000,49,31.7,23.0,27.35,8.7
Bhubaneshwar (A),November,1952-2000,49,30.2,18.8,24.5,11.399999999999999
Bhubaneshwar (A),December,1952-2000,49,28.3,15.2,21.75,13.100000000000001
Bhuj (Rudramata),January,1953-2000,47,27.1,8.8,17.950000000000003,18.3
Bhuj (Rudramata),February,1953-2000,47,30.1,11.8,20.950000000000003,18.3
Bhuj (Rudramata),March,1953-2000,47,35.1,17.4,26.25,17.700000000000003
Bhuj (Rudramata),April,1953-2000,47,38.8,22.0,30.4,16.799999999999997
Bhuj (Rudramata),May,1953-2000,47,39.6,25.3,32.45,14.3
Bhuj (Rudramata),June,1953-2000,47,37.5,27.1,32.3,10.399999999999999
Bhuj (Rudramata),July,1953-2000,47,34.0,26.3,30.15,7.699999999999999
Bhuj (Rudramata),August,1953-2000,47,32.8,25.3,29.049999999999997,7.4999999999999964
Bhuj (Rudramata),September,1953-2000,47,34.3,23.9,29.099999999999998,10.399999999999999
Bhuj (Rudramata),October,1953-2000,47,36.4,20.7,28.549999999999997,15.7
Bhuj (Rudramata),November,1953-2000,47,32.7,15.1,23.900000000000002,17.6
Bhuj (Rudramata),December,1953-2000,47,28.4,10.1,19.25,18.299999999999997
Bikaner,January,1901-2000,97,22.6,6.5,14.55,16.1
Bikaner,February,1901-2000,97,25.8,9.6,17.7,16.200000000000003
Bikaner,March,1901-2000,97,31.9,15.7,23.799999999999997,16.2
Bikaner,April,1901-2000,97,37.7,22.0,29.85,15.700000000000003
Bikaner,May,1901-2000,97,41.8,27.1,34.45,14.699999999999996
Bikaner,June,1901-2000,97,41.7,29.3,35.5,12.400000000000002
Bikaner,July,1901-2000,97,38.4,28.1,33.25,10.299999999999997
Bikaner,August,1901-2000,97,36.5,26.8,31.65,9.7
Bikaner,September,1901-2000,97,36.7,25.2,30.950000000000003,11.500000000000004
Bikaner,October,1901-2000,97,35.8,20.0,27.9,15.799999999999997
Bikaner,November,1901-2000,97,30.4,12.4,21.4,18.0
Bikaner,December,1901-2000,97,24.7,7.4,16.05,17.299999999999997
Cannanore,January,1978-2000,22,32.7,21.5,27.1,11.200000000000003
Cannanore,February,1978-2000,22,33.1,22.3,27.700000000000003,10.8
Cannanore,March,1978-2000,22,33.6,24.1,28.85,9.5
Cannanore,April,1978-2000,22,34.1,25.6,29.85,8.5
Cannanore,May,1978-2000,22,33.3,25.3,29.299999999999997,7.9999999999999964
Cannanore,June,1978-2000,22,29.6,23.6,26.6,6.0
Cannanore,July,1978-2000,22,28.9,23.1,26.0,5.799999999999997
Cannanore,August,1978-2000,22,29.0,23.1,26.05,5.899999999999999
Cannanore,September,1978-2000,22,30.1,23.4,26.75,6.700000000000003
Cannanore,October,1978-2000,22,31.0,23.5,27.25,7.5
Cannanore,November,1978-2000,22,32.0,23.0,27.5,9.0
Cannanore,December,1978-2000,22,32.5,22.0,27.25,10.5
Chandigarh,January,1954-1977,24,20.4,6.1,13.25,14.299999999999999
Chandigarh,February,1954-1977,24,23.1,8.3,15.700000000000001,14.8
Chandigarh,March,1954-1977,24,28.5,13.4,20.95,15.1
Chandigarh,April,1954-1977,24,34.5,18.9,26.7,15.600000000000001
Chandigarh,May,1954-1977,24,38.3,23.2,30.75,15.099999999999998
Chandigarh,June,1954-1977,24,38.6,25.4,32.0,13.200000000000003
Chandigarh,July,1954-1977,24,34.0,24.0,29.0,10.0
Chandigarh,August,1954-1977,24,32.8,23.3,28.049999999999997,9.499999999999996
Chandigarh,September,1954-1977,24,33.1,21.8,27.450000000000003,11.3
Chandigarh,October,1954-1977,24,31.8,17.0,24.4,14.8
Chandigarh,November,1954-1977,24,27.3,10.5,18.9,16.8
Chandigarh,December,1954-1977,24,22.1,6.7,14.4,15.400000000000002
Chennai (Minambakkam),January,1901-2000,100,28.8,20.4,24.6,8.400000000000002
Chennai (Minambakkam),February,1901-2000,100,30.5,21.1,25.8,9.399999999999999
Chennai (Minambakkam),March,1901-2000,100,32.6,23.0,27.8,9.600000000000001
Chennai (Minambakkam),April,1901-2000,100,34.7,25.8,30.25,8.900000000000002
Chennai (Minambakkam),May,1901-2000,100,37.4,27.6,32.5,9.799999999999997
Chennai (Minambakkam),June,1901-2000,100,37.3,27.4,32.349999999999994,9.899999999999999
Chennai (Minambakkam),July,1901-2000,100,35.3,26.1,30.7,9.199999999999996
Chennai (Minambakkam),August,1901-2000,100,34.5,25.5,30.0,9.0
Chennai (Minambakkam),September,1901-2000,100,33.9,25.2,29.549999999999997,8.7
Chennai (Minambakkam),October,1901-2000,100,31.8,24.2,28.0,7.600000000000001
Chennai (Minambakkam),November,1901-2000,100,29.4,22.6,26.0,6.799999999999997
Chennai (Minambakkam),December,1901-2000,100,28.4,21.2,24.799999999999997,7.199999999999999
Cherrapunji,January,1902-2000,99,15.7,7.3,11.5,8.399999999999999
Cherrapunji,February,1902-2000,99,17.1,8.9,13.0,8.200000000000001
Cherrapunji,March,1902-2000,99,20.4,12.5,16.45,7.899999999999999
Cherrapunji,April,1902-2000,99,21.9,14.6,18.25,7.299999999999999
Cherrapunji,May,1902-2000,99,22.4,16.1,19.25,6.299999999999997
Cherrapunji,June,1902-2000,99,22.4,17.7,20.049999999999997,4.699999999999999
Cherrapunji,July,1902-2000,99,22.4,18.2,20.299999999999997,4.199999999999999
Cherrapunji,August,1902-2000,99,22.7,18.2,20.45,4.5
Cherrapunji,September,1902-2000,99,23.0,17.8,20.4,5.199999999999999
Cherrapunji,October,1902-2000,99,22.5,15.7,19.1,6.800000000000001
Cherrapunji,November,1902-2000,99,20.1,12.0,16.05,8.100000000000001
Cherrapunji,December,1902-2000,99,17.1,8.6,12.850000000000001,8.500000000000002
Coimbatore (Pilamedu),January,1948-2000,53,30.2,18.1,24.15,12.099999999999998
Coimbatore (Pilamedu),February,1948-2000,53,32.9,19.2,26.049999999999997,13.7
Coimbatore (Pilamedu),March,1948-2000,53,35.5,21.3,28.4,14.2
Coimbatore (Pilamedu),April,1948-2000,53,36.2,23.3,29.75,12.900000000000002
Coimbatore (Pilamedu),May,1948-2000,53,34.7,23.3,29.0,11.400000000000002
Coimbatore (Pilamedu),June,1948-2000,53,32.0,22.3,27.15,9.7
Coimbatore (Pilamedu),July,1948-2000,53,30.8,21.7,26.25,9.100000000000001
Coimbatore (Pilamedu),August,1948-2000,53,31.3,21.7,26.5,9.600000000000001
Coimbatore (Pilamedu),September,1948-2000,53,32.2,21.8,27.0,10.400000000000002
Coimbatore (Pilamedu),October,1948-2000,53,31.3,21.8,26.55,9.5
Coimbatore (Pilamedu),November,1948-2000,53,29.9,20.6,25.25,9.299999999999997
Coimbatore (Pilamedu),December,1948-2000,53,29.1,18.8,23.950000000000003,10.3
Cooch Behar,January,1901-2000,61,23.7,9.6,16.65,14.1
Cooch Behar,February,1901-2000,61,25.8,11.6,18.7,14.200000000000001
Cooch Behar,March,1901-2000,61,29.9,15.8,22.85,14.099999999999998
Cooch Behar,April,1901-2000,61,31.7,20.1,25.9,11.599999999999998
Cooch Behar,May,1901-2000,61,31.0,22.2,26.6,8.8
Cooch Behar,June,1901-2000,61,31.1,24.1,27.6,7.0
Cooch Behar,July,1901-2000,61,31.3,24.9,28.1,6.400000000000002
Cooch Behar,August,1901-2000,61,31.6,25.1,28.35,6.5
Cooch Behar,September,1901-2000,61,31.3,24.3,27.8,7.0
Cooch Behar,October,1901-2000,61,30.5,21.2,25.85,9.3
Cooch Behar,November,1901-2000,61,28.1,15.4,21.75,12.700000000000001
Cooch Behar,December,1901-2000,61,25.2,11.2,18.2,14.0
Darjeeling,January,1901-2000,97,9.4,1.8,5.6000000000000005,7.6000000000000005
Darjeeling,February,1901-2000,97,10.4,2.9,6.65,7.5
Darjeeling,March,1901-2000,97,14.4,6.3,10.35,8.100000000000001
Darjeeling,April,1901-2000,97,17.4,9.4,13.399999999999999,7.999999999999998
Darjeeling,May,1901-2000,97,18.5,11.5,15.0,7.0
Darjeeling,June,1901-2000,97,19.3,13.6,16.45,5.700000000000001
Darjeeling,July,1901-2000,97,19.4,14.3,16.85,5.099999999999998
Darjeeling,August,1901-2000,97,19.6,14.2,16.9,5.400000000000002
Darjeeling,September,1901-2000,97,19.2,13.3,16.25,5.899999999999999
Darjeeling,October,1901-2000,97,18.0,10.3,14.15,7.699999999999999
Darjeeling,November,1901-2000,97,14.7,6.3,10.5,8.399999999999999
Darjeeling,December,1901-2000,97,11.5,3.3,7.4,8.2
Dehra Dun,January,1901-2000,84,19.3,6.0,12.65,13.3
Dehra Dun,February,1901-2000,84,21.5,7.8,14.65,13.7
Dehra Dun,March,1901-2000,84,26.4,12.0,19.2,14.399999999999999
Dehra Dun,April,1901-2000,84,32.1,16.7,24.4,15.400000000000002
Dehra Dun,May,1901-2000,84,35.6,20.7,28.15,14.900000000000002
Dehra Dun,June,1901-2000,84,34.8,23.0,28.9,11.799999999999997
Dehra Dun,July,1901-2000,84,30.5,22.8,26.65,7.699999999999999
Dehra Dun,August,1901-2000,84,29.4,22.4,25.9,7.0
Dehra Dun,September,1901-2000,84,29.7,20.8,25.25,8.899999999999999
Dehra Dun,October,1901-2000,84,28.5,15.7,22.1,12.8
Dehra Dun,November,1901-2000,84,25.0,10.4,17.7,14.6
Dehra Dun,December,1901-2000,84,21.1,6.8,13.950000000000001,14.3
Dharmsala,January,1951-1998,48,14.8,5.9,10.350000000000001,8.9
Dharmsala,February,1951-1998,48,16.7,7.5,12.1,9.2
Dharmsala,March,1951-1998,48,21.0,11.4,16.2,9.6
Dharmsala,April,1951-1998,48,26.1,15.9,21.0,10.200000000000001
Dharmsala,May,1951-1998,48,30.3,19.8,25.05,10.5
Dharmsala,June,1951-1998,48,31.4,21.6,26.5,9.799999999999997
Dharmsala,July,1951-1998,48,27.3,20.6,23.950000000000003,6.699999999999999
Dharmsala,August,1951-1998,48,26.4,20.2,23.299999999999997,6.199999999999999
Dharmsala,September,1951-1998,48,26.4,18.6,22.5,7.799999999999997
Dharmsala,October,1951-1998,48,24.9,15.0,19.95,9.899999999999999
Dharmsala,November,1951-1998,48,20.9,10.6,15.75,10.299999999999999
Dharmsala,December,1951-1998,48,16.9,7.4,12.149999999999999,9.499999999999998
Dibrugarh/Mohanbari,January,1952-2000,49,22.7,9.1,15.899999999999999,13.6
Dibrugarh/Mohanbari,February,1952-2000,49,23.9,12.2,18.049999999999997,11.7
Dibrugarh/Mohanbari,March,1952-2000,49,26.5,15.6,21.05,10.9
Dibrugarh/Mohanbari,April,1952-2000,49,27.9,18.7,23.299999999999997,9.2
Dibrugarh/Mohanbari,May,1952-2000,49,29.4,21.7,25.549999999999997,7.699999999999999
Dibrugarh/Mohanbari,June,1952-2000,49,30.9,24.0,27.45,6.899999999999999
Dibrugarh/Mohanbari,July,1952-2000,49,31.0,24.5,27.75,6.5
Dibrugarh/Mohanbari,August,1952-2000,49,31.6,24.8,28.200000000000003,6.800000000000001
Dibrugarh/Mohanbari,September,1952-2000,49,30.7,23.8,27.25,6.899999999999999
Dibrugarh/Mohanbari,October,1952-2000,49,29.5,20.6,25.05,8.899999999999999
Dibrugarh/Mohanbari,November,1952-2000,49,27.1,14.6,20.85,12.500000000000002
Dibrugarh/Mohanbari,December,1952-2000,49,24.0,9.8,16.9,14.2
Gadag,January,1932-2000,69,30.1,16.5,23.3,13.600000000000001
Gadag,February,1932-2000,69,32.9,18.4,25.65,14.5
Gadag,March,1932-2000,69,35.9,21.0,28.45,14.899999999999999
Gadag,April,1932-2000,69,37.3,22.4,29.849999999999998,14.899999999999999
Gadag,May,1932-2000,69,36.3,22.4,29.349999999999998,13.899999999999999
Gadag,June,1932-2000,69,31.0,21.7,26.35,9.3
Gadag,July,1932-2000,69,28.5,21.2,24.85,7.300000000000001
Gadag,August,1932-2000,69,28.7,20.8,24.75,7.899999999999999
Gadag,September,1932-2000,69,29.8,20.5,25.15,9.3
Gadag,October,1932-2000,69,30.6,20.5,25.55,10.100000000000001
Gadag,November,1932-2000,69,29.7,18.3,24.0,11.399999999999999
Gadag,December,1932-2000,69,29.0,16.3,22.65,12.7
Gangtok,January,1966-2000,35,12.6,4.2,8.4,8.399999999999999
Gangtok,February,1966-2000,35,14.1,5.5,9.8,8.6
Gangtok,March,1966-2000,35,18.3,8.7,13.5,9.600000000000001
Gangtok,April,1966-2000,35,21.0,11.5,16.25,9.5
Gangtok,May,1966-2000,35,21.7,13.6,17.65,8.1
Gangtok,June,1966-2000,35,22.2,16.0,19.1,6.199999999999999
Gangtok,July,1966-2000,35,22.0,16.6,19.3,5.399999999999999
Gangtok,August,1966-2000,35,22.4,16.5,19.45,5.899999999999999
Gangtok,September,1966-2000,35,21.8,15.5,18.65,6.300000000000001
Gangtok,October,1966-2000,35,20.9,12.3,16.6,8.599999999999998
Gangtok,November,1966-2000,35,17.8,8.7,13.25,9.100000000000001
Gangtok,December,1966-2000,35,14.4,5.6,10.0,8.8
Gaya,January,1901-1999,98,23.8,10.0,16.9,13.8
Gaya,February,1901-1999,98,26.9,12.6,19.75,14.299999999999999
Gaya,March,1901-1999,98,33.4,17.7,25.549999999999997,15.7
Gaya,April,1901-1999,98,38.8,23.3,31.049999999999997,15.499999999999996
Gaya,May,1901-1999,98,40.8,26.7,33.75,14.099999999999998
Gaya,June,1901-1999,98,38.1,27.6,32.85,10.5
Gaya,July,1901-1999,98,33.4,26.1,29.75,7.299999999999997
Gaya,August,1901-1999,98,32.4,25.7,29.049999999999997,6.699999999999999
Gaya,September,1901-1999,98,32.6,25.3,28.950000000000003,7.300000000000001
Gaya,October,1901-1999,98,31.9,21.6,26.75,10.299999999999997
Gaya,November,1901-1999,98,28.7,14.8,21.75,13.899999999999999
Gaya,December,1901-1999,98,24.8,10.3,17.55,14.5
Gopalpur,January,1901-2000,98,27.2,16.9,22.049999999999997,10.3
Gopalpur,February,1901-2000,98,28.9,19.5,24.2,9.399999999999999
Gopalpur,March,1901-2000,98,30.7,22.6,26.65,8.099999999999998
Gopalpur,April,1901-2000,98,31.2,25.0,28.1,6.199999999999999
Gopalpur,May,1901-2000,98,32.4,26.7,29.549999999999997,5.699999999999999
Gopalpur,June,1901-2000,98,32.3,26.8,29.549999999999997,5.4999999999999964
Gopalpur,July,1901-2000,98,31.0,26.1,28.55,4.899999999999999
Gopalpur,August,1901-2000,98,31.2,25.9,28.549999999999997,5.300000000000001
Gopalpur,September,1901-2000,98,31.7,25.7,28.7,6.0
Gopalpur,October,1901-2000,98,31.4,23.8,27.6,7.599999999999998
Gopalpur,November,1901-2000,98,29.5,19.7,24.6,9.8
Gopalpur,December,1901-2000,98,27.4,16.4,21.9,11.0
Gorakhpur,January,1901-2000,96,22.9,9.2,16.049999999999997,13.7
Gorakhpur,February,1901-2000,96,25.9,11.4,18.65,14.499999999999998
Gorakhpur,March,1901-2000,96,32.4,16.4,24.4,16.0
Gorakhpur,April,1901-2000,96,37.4,21.8,29.6,15.599999999999998
Gorakhpur,May,1901-2000,96,38.7,25.0,31.85,13.700000000000003
Gorakhpur,June,1901-2000,96,36.7,26.3,31.5,10.400000000000002
Gorakhpur,July,1901-2000,96,32.9,26.0,29.45,6.899999999999999
Gorakhpur,August,1901-2000,96,32.4,25.7,29.049999999999997,6.699999999999999
Gorakhpur,September,1901-2000,96,32.6,24.9,28.75,7.700000000000003
Gorakhpur,October,1901-2000,96,32.4,20.9,26.65,11.5
Gorakhpur,November,1901-2000,96,28.8,14.4,21.6,14.4
Gorakhpur,December,1901-2000,96,24.4,10.1,17.25,14.299999999999999
Gulbarga,January,1901-2000,98,30.7,16.0,23.35,14.7
Gulbarga,February,1901-2000,98,33.6,18.3,25.950000000000003,15.3
Gulbarga,March,1901-2000,98,37.3,21.8,29.549999999999997,15.499999999999996
Gulbarga,April,1901-2000,98,39.6,25.0,32.3,14.600000000000001
Gulbarga,May,1901-2000,98,40.3,26.0,33.15,14.299999999999997
Gulbarga,June,1901-2000,98,35.3,23.7,29.5,11.599999999999998
Gulbarga,July,1901-2000,98,31.8,22.5,27.15,9.3
Gulbarga,August,1901-2000,98,31.3,22.2,26.75,9.100000000000001
Gulbarga,September,1901-2000,98,31.5,22.1,26.8,9.399999999999999
Gulbarga,October,1901-2000,98,32.3,20.9,26.599999999999998,11.399999999999999
Gulbarga,November,1901-2000,98,30.8,17.8,24.3,13.0
Gulbarga,December,1901-2000,98,29.7,15.2,22.45,14.5
Guwahati (Bhorjar),January,1951-2000,50,23.6,10.2,16.9,13.400000000000002
Guwahati (Bhorjar),February,1951-2000,50,26.2,11.9,19.05,14.299999999999999
Guwahati (Bhorjar),March,1951-2000,50,29.9,15.8,22.85,14.099999999999998
Guwahati (Bhorjar),April,1951-2000,50,31.2,20.0,25.6,11.2
Guwahati (Bhorjar),May,1951-2000,50,31.1,22.6,26.85,8.5
Guwahati (Bhorjar),June,1951-2000,50,31.7,24.8,28.25,6.899999999999999
Guwahati (Bhorjar),July,1951-2000,50,31.8,25.5,28.65,6.300000000000001
Guwahati (Bhorjar),August,1951-2000,50,32.1,25.5,28.8,6.600000000000001
Guwahati (Bhorjar),September,1951-2000,50,31.6,24.6,28.1,7.0
Guwahati (Bhorjar),October,1951-2000,50,30.2,21.9,26.049999999999997,8.3
Guwahati (Bhorjar),November,1951-2000,50,27.6,16.7,22.15,10.900000000000002
Guwahati (Bhorjar),December,1951-2000,50,24.6,11.7,18.15,12.900000000000002
Gwalior,January,1951-2000,50,22.8,7.0,14.9,15.8
Gwalior,February,1951-2000,50,26.4,9.8,18.1,16.599999999999998
Gwalior,March,1951-2000,50,32.5,15.4,23.95,17.1
Gwalior,April,1951-2000,50,38.6,21.5,30.05,17.1
Gwalior,May,1951-2000,50,42.0,26.8,34.4,15.2
Gwalior,June,1951-2000,50,40.7,29.0,34.85,11.700000000000003
Gwalior,July,1951-2000,50,34.6,26.4,30.5,8.200000000000003
Gwalior,August,1951-2000,50,32.4,25.2,28.799999999999997,7.199999999999999
Gwalior,September,1951-2000,50,33.1,23.9,28.5,9.200000000000003
Gwalior,October,1951-2000,50,33.5,18.3,25.9,15.2
Gwalior,November,1951-2000,50,29.4,11.6,20.5,17.799999999999997
Gwalior,December,1951-2000,50,24.6,7.3,15.950000000000001,17.3
Hassan,January,1901-2000,100,27.9,14.1,21.0,13.799999999999999
Hassan,February,1901-2000,100,30.3,15.5,22.9,14.8
Hassan,March,1901-2000,100,32.7,17.7,25.200000000000003,15.000000000000004
Hassan,April,1901-2000,100,33.3,19.5,26.4,13.799999999999997
Hassan,May,1901-2000,100,31.4,19.7,25.549999999999997,11.7
Hassan,June,1901-2000,100,26.8,19.0,22.9,7.800000000000001
Hassan,July,1901-2000,100,24.9,18.6,21.75,6.299999999999997
Hassan,August,1901-2000,100,25.4,18.5,21.95,6.899999999999999
Hassan,September,1901-2000,100,26.9,18.2,22.549999999999997,8.7
Hassan,October,1901-2000,100,27.5,18.2,22.85,9.3
Hassan,November,1901-2000,100,26.9,16.5,21.7,10.399999999999999
Hassan,December,1901-2000,100,26.7,14.5,20.6,12.2
Hissar,January,1914-2000,87,21.3,5.8,13.55,15.5
Hissar,February,1914-2000,87,24.5,8.5,16.5,16.0
Hissar,March,1914-2000,87,30.5,13.8,22.15,16.7
Hissar,April,1914-2000,87,36.9,19.6,28.25,17.299999999999997
Hissar,May,1914-2000,87,41.0,24.7,32.85,16.3
Hissar,June,1914-2000,87,41.2,27.8,34.5,13.400000000000002
Hissar,July,1914-2000,87,37.2,27.3,32.25,9.900000000000002
Hissar,August,1914-2000,87,35.6,26.2,30.9,9.400000000000002
Hissar,September,1914-2000,87,35.7,23.9,29.8,11.800000000000004
Hissar,October,1914-2000,87,34.4,17.8,26.1,16.599999999999998
Hissar,November,1914-2000,87,29.2,10.9,20.05,18.299999999999997
Hissar,December,1914-2000,87,23.5,6.5,15.0,17.0
Hyderabad (A),January,1951-2000,50,28.8,15.2,22.0,13.600000000000001
Hyderabad (A),February,1951-2000,50,31.9,17.6,24.75,14.299999999999997
Hyderabad (A),March,1951-2000,50,35.4,20.8,28.1,14.599999999999998
Hyderabad (A),April,1951-2000,50,37.9,24.3,31.1,13.599999999999998
Hyderabad (A),May,1951-2000,50,39.0,26.2,32.6,12.8
Hyderabad (A),June,1951-2000,50,34.5,24.0,29.25,10.5
Hyderabad (A),July,1951-2000,50,30.8,22.6,26.700000000000003,8.2
Hyderabad (A),August,1951-2000,50,29.8,22.1,25.950000000000003,7.699999999999999
Hyderabad (A),September,1951-2000,50,30.5,22.0,26.25,8.5
Hyderabad (A),October,1951-2000,50,30.6,20.3,25.450000000000003,10.3
Hyderabad (A),November,1951-2000,50,29.0,16.9,22.95,12.100000000000001
Hyderabad (A),December,1951-2000,50,28.0,14.5,21.25,13.5
Imphal/Tulihal,January,1953-1998,45,21.5,4.0,12.75,17.5
Imphal/Tulihal,February,1953-1998,45,23.3,6.9,15.100000000000001,16.4
Imphal/Tulihal,March,1953-1998,45,26.8,11.2,19.0,15.600000000000001
Imphal/Tulihal,April,1953-1998,45,28.6,15.4,22.0,13.200000000000001
Imphal/Tulihal,May,1953-1998,45,29.0,18.3,23.65,10.7
Imphal/Tulihal,June,1953-1998,45,29.1,20.9,25.0,8.200000000000003
Imphal/Tulihal,July,1953-1998,45,28.9,21.5,25.2,7.399999999999999
Imphal/Tulihal,August,1953-1998,45,29.0,21.3,25.15,7.699999999999999
Imphal/Tulihal,September,1953-1998,45,29.0,20.2,24.6,8.8
Imphal/Tulihal,October,1953-1998,45,28.1,16.7,22.4,11.400000000000002
Imphal/Tulihal,November,1953-1998,45,25.2,10.5,17.85,14.7
Imphal/Tulihal,December,1953-1998,45,22.2,5.1,13.649999999999999,17.1
Indore,January,1949-2000,52,26.5,9.9,18.2,16.6
Indore,February,1949-2000,52,29.3,11.5,20.4,17.8
Indore,March,1949-2000,52,34.2,16.2,25.200000000000003,18.000000000000004
Indore,April,1949-2000,52,38.4,21.0,29.7,17.4
Indore,May,1949-2000,52,40.2,24.5,32.35,15.700000000000003
Indore,June,1949-2000,52,36.3,24.3,30.299999999999997,11.999999999999996
Indore,July,1949-2000,52,30.3,22.7,26.5,7.600000000000001
Indore,August,1949-2000,52,28.5,22.0,25.25,6.5
Indore,September,1949-2000,52,30.3,21.0,25.65,9.3
Indore,October,1949-2000,52,32.2,18.0,25.1,14.200000000000003
Indore,November,1949-2000,52,29.6,13.6,21.6,16.0
Indore,December,1949-2000,52,27.1,10.5,18.8,16.6
Jabalpur,January,1901-2000,100,25.5,9.8,17.65,15.7
Jabalpur,February,1901-2000,100,28.2,11.9,20.05,16.299999999999997
Jabalpur,March,1901-2000,100,33.6,16.1,24.85,17.5
Jabalpur,April,1901-2000,100,38.4,21.4,29.9,17.0
Jabalpur,May,1901-2000,100,41.3,26.0,33.65,15.299999999999997
Jabalpur,June,1901-2000,100,37.5,26.4,31.95,11.100000000000001
Jabalpur,July,1901-2000,100,30.7,24.1,27.4,6.599999999999998
Jabalpur,August,1901-2000,100,29.5,23.6,26.55,5.899999999999999
Jabalpur,September,1901-2000,100,30.9,23.1,27.0,7.799999999999997
Jabalpur,October,1901-2000,100,31.6,18.8,25.200000000000003,12.8
Jabalpur,November,1901-2000,100,28.7,12.7,20.7,16.0
Jabalpur,December,1901-2000,100,25.9,9.3,17.6,16.599999999999998
Jagdalpur,January,1909-2000,92,28.2,11.6,19.9,16.6
Jagdalpur,February,1909-2000,92,30.9,14.3,22.6,16.599999999999998
Jagdalpur,March,1909-2000,92,34.9,18.5,26.7,16.4
Jagdalpur,April,1909-2000,92,37.2,22.2,29.700000000000003,15.000000000000004
Jagdalpur,May,1909-2000,92,38.1,24.2,31.15,13.900000000000002
Jagdalpur,June,1909-2000,92,33.4,23.8,28.6,9.599999999999998
Jagdalpur,July,1909-2000,92,28.6,22.3,25.450000000000003,6.300000000000001
Jagdalpur,August,1909-2000,92,28.4,22.2,25.299999999999997,6.199999999999999
Jagdalpur,September,1909-2000,92,29.6,22.0,25.8,7.600000000000001
Jagdalpur,October,1909-2000,92,29.9,19.6,24.75,10.299999999999997
Jagdalpur,November,1909-2000,92,28.2,14.9,21.55,13.299999999999999
Jagdalpur,December,1909-2000,92,27.2,11.1,19.15,16.1
Jaipur (Sanganer),January,1952-2000,49,22.4,8.2,15.299999999999999,14.2
Jaipur (Sanganer),February,1952-2000,49,25.4,10.9,18.15,14.499999999999998
Jaipur (Sanganer),March,1952-2000,49,31.3,16.0,23.65,15.3
Jaipur (Sanganer),April,1952-2000,49,37.0,21.6,29.3,15.399999999999999
Jaipur (Sanganer),May,1952-2000,49,40.3,25.7,33.0,14.599999999999998
Jaipur (Sanganer),June,1952-2000,49,39.5,27.5,33.5,12.0
Jaipur (Sanganer),July,1952-2000,49,34.2,25.8,30.0,8.400000000000002
Jaipur (Sanganer),August,1952-2000,49,32.3,24.5,28.4,7.799999999999997
Jaipur (Sanganer),September,1952-2000,49,33.5,23.2,28.35,10.3
Jaipur (Sanganer),October,1952-2000,49,33.5,19.0,26.25,14.5
Jaipur (Sanganer),November,1952-2000,49,29.1,13.4,21.25,15.700000000000001
Jaipur (Sanganer),December,1952-2000,49,24.4,9.2,16.799999999999997,15.2
Jaisalmer,January,1948-2000,43,23.7,7.6,15.649999999999999,16.1
Jaisalmer,February,1948-2000,43,27.1,10.5,18.8,16.6
Jaisalmer,March,1948-2000,43,32.6,16.4,24.5,16.200000000000003
Jaisalmer,April,1948-2000,43,38.2,21.9,30.05,16.300000000000004
Jaisalmer,May,1948-2000,43,41.6,25.6,33.6,16.0
Jaisalmer,June,1948-2000,43,40.8,27.0,33.9,13.799999999999997
Jaisalmer,July,1948-2000,43,37.7,26.5,32.1,11.200000000000003
Jaisalmer,August,1948-2000,43,36.0,25.4,30.7,10.600000000000001
Jaisalmer,September,1948-2000,43,36.4,24.2,30.299999999999997,12.2
Jaisalmer,October,1948-2000,43,36.1,20.2,28.15,15.900000000000002
Jaisalmer,November,1948-2000,43,31.0,13.4,22.2,17.6
Jaisalmer,December,1948-2000,43,25.5,8.5,17.0,17.0
Jammu,January,1925-2000,62,18.6,7.8,13.200000000000001,10.8
Jammu,February,1925-2000,62,21.3,10.1,15.7,11.200000000000001
Jammu,March,1925-2000,62,26.1,14.2,20.15,11.900000000000002
Jammu,April,1925-2000,62,32.6,19.7,26.15,12.900000000000002
Jammu,May,1925-2000,62,38.1,24.7,31.4,13.400000000000002
Jammu,June,1925-2000,62,39.8,26.9,33.349999999999994,12.899999999999999
Jammu,July,1925-2000,62,35.1,25.2,30.15,9.900000000000002
Jammu,August,1925-2000,62,33.3,24.7,29.0,8.599999999999998
Jammu,September,1925-2000,62,33.3,23.3,28.299999999999997,9.999999999999996
Jammu,October,1925-2000,62,31.4,18.8,25.1,12.599999999999998
Jammu,November,1925-2000,62,26.5,13.1,19.8,13.4
Jammu,December,1925-2000,62,20.9,9.0,14.95,11.899999999999999
Jamshedpur,January,1951-1999,43,26.2,11.7,18.95,14.5
Jamshedpur,February,1951-1999,43,29.3,14.5,21.9,14.8
Jamshedpur,March,1951-1999,43,34.4,18.6,26.5,15.799999999999997
Jamshedpur,April,1951-1999,43,38.9,23.7,31.299999999999997,15.2
Jamshedpur,May,1951-1999,43,39.6,26.2,32.9,13.400000000000002
Jamshedpur,June,1951-1999,43,36.2,26.2,31.200000000000003,10.000000000000004
Jamshedpur,July,1951-1999,43,32.3,25.1,28.7,7.199999999999996
Jamshedpur,August,1951-1999,43,31.8,25.2,28.5,6.600000000000001
Jamshedpur,September,1951-1999,43,32.1,24.6,28.35,7.5
Jamshedpur,October,1951-1999,43,31.5,21.7,26.6,9.8
Jamshedpur,November,1951-1999,43,29.0,16.1,22.55,12.899999999999999
Jamshedpur,December,1951-1999,43,26.2,11.7,18.95,14.5
Jharsuguda,January,1951-2000,47,27.6,12.2,19.9,15.400000000000002
Jharsuguda,February,1951-2000,47,30.7,15.0,22.85,15.7
Jharsuguda,March,1951-2000,47,35.5,19.2,27.35,16.3
Jharsuguda,April,1951-2000,47,40.0,24.1,32.05,15.899999999999999
Jharsuguda,May,1951-2000,47,41.4,26.9,34.15,14.5
Jharsuguda,June,1951-2000,47,36.9,26.3,31.6,10.599999999999998
Jharsuguda,July,1951-2000,47,31.5,24.7,28.1,6.800000000000001
Jharsuguda,August,1951-2000,47,31.1,24.6,27.85,6.5
Jharsuguda,September,1951-2000,47,31.9,24.3,28.1,7.599999999999998
Jharsuguda,October,1951-2000,47,32.0,21.5,26.75,10.5
Jharsuguda,November,1951-2000,47,30.0,16.2,23.1,13.8
Jharsuguda,December,1951-2000,47,27.6,12.1,19.85,15.500000000000002
Jodhpur,January,1901-2000,100,25.0,9.6,17.3,15.4
Jodhpur,February,1901-2000,100,27.8,11.8,19.8,16.0
Jodhpur,March,1901-2000,100,33.4,17.2,25.299999999999997,16.2
Jodhpur,April,1901-2000,100,38.4,22.7,30.549999999999997,15.7
Jodhpur,May,1901-2000,100,41.4,26.8,34.1,14.599999999999998
Jodhpur,June,1901-2000,100,40.1,28.2,34.15,11.900000000000002
Jodhpur,July,1901-2000,100,36.0,26.8,31.4,9.2
Jodhpur,August,1901-2000,100,33.7,25.3,29.5,8.400000000000002
Jodhpur,September,1901-2000,100,35.0,24.1,29.55,10.899999999999999
Jodhpur,October,1901-2000,100,36.0,19.9,27.95,16.1
Jodhpur,November,1901-2000,100,31.5,14.5,23.0,17.0
Jodhpur,December,1901-2000,100,26.8,10.8,18.8,16.0
Joshimath,January,1958-1987,29,11.4,2.1,6.75,9.3
Joshimath,February,1958-1987,29,12.4,3.2,7.800000000000001,9.2
Joshimath,March,1958-1987,29,17.6,6.6,12.100000000000001,11.000000000000002
Joshimath,April,1958-1987,29,21.8,10.8,16.3,11.0
Joshimath,May,1958-1987,29,24.6,13.9,19.25,10.700000000000001
Joshimath,June,1958-1987,29,25.9,16.6,21.25,9.299999999999997
Joshimath,July,1958-1987,29,24.1,16.9,20.5,7.200000000000003
Joshimath,August,1958-1987,29,23.6,16.9,20.25,6.700000000000003
Joshimath,September,1958-1987,29,22.9,14.8,18.85,8.099999999999998
Joshimath,October,1958-1987,29,20.6,10.5,15.55,10.100000000000001
Joshimath,November,1958-1987,29,16.8,6.2,11.5,10.600000000000001
Joshimath,December,1958-1987,29,13.6,3.8,8.7,9.8
Jullundur,January,1970-1999,14,19.4,6.2,12.799999999999999,13.2
Jullundur,February,1970-1999,14,21.6,8.6,15.100000000000001,13.000000000000002
Jullundur,March,1970-1999,14,26.0,13.2,19.6,12.8
Jullundur,April,1970-1999,14,34.5,19.0,26.75,15.5
Jullundur,May,1970-1999,14,39.4,23.8,31.6,15.599999999999998
Jullundur,June,1970-1999,14,38.2,25.6,31.900000000000002,12.600000000000001
Jullundur,July,1970-1999,14,34.1,24.7,29.4,9.400000000000002
Jullundur,August,1970-1999,14,33.1,25.8,29.450000000000003,7.300000000000001
Jullundur,September,1970-1999,14,32.6,21.8,27.200000000000003,10.8
Jullundur,October,1970-1999,14,31.5,18.3,24.9,13.2
Jullundur,November,1970-1999,14,27.2,12.1,19.65,15.1
Jullundur,December,1970-1999,14,22.3,7.2,14.75,15.100000000000001
Kanpur (A),January,1901-1995,84,23.0,8.5,15.75,14.5
Kanpur (A),February,1901-1995,84,26.0,11.0,18.5,15.0
Kanpur (A),March,1901-1995,84,32.3,16.2,24.25,16.099999999999998
Kanpur (A),April,1901-1995,84,38.2,21.9,30.05,16.300000000000004
Kanpur (A),May,1901-1995,84,41.3,26.4,33.849999999999994,14.899999999999999
Kanpur (A),June,1901-1995,84,39.9,28.5,34.2,11.399999999999999
Kanpur (A),July,1901-1995,84,34.2,26.7,30.450000000000003,7.5000000000000036
Kanpur (A),August,1901-1995,84,32.5,25.9,29.2,6.600000000000001
Kanpur (A),September,1901-1995,84,33.1,24.9,29.0,8.200000000000003
Kanpur (A),October,1901-1995,84,33.0,19.6,26.3,13.399999999999999
Kanpur (A),November,1901-1995,84,28.9,12.7,20.799999999999997,16.2
Kanpur (A),December,1901-1995,84,24.2,8.8,16.5,15.399999999999999
Kanyakumari,January,1961-2000,40,30.8,23.4,27.1,7.400000000000002
Kanyakumari,February,1961-2000,40,31.6,23.8,27.700000000000003,7.800000000000001
Kanyakumari,March,1961-2000,40,32.1,25.0,28.55,7.100000000000001
Kanyakumari,April,1961-2000,40,32.7,26.1,29.400000000000002,6.600000000000001
Kanyakumari,May,1961-2000,40,32.5,26.2,29.35,6.300000000000001
Kanyakumari,June,1961-2000,40,30.5,24.5,27.5,6.0
Kanyakumari,July,1961-2000,40,30.3,24.0,27.15,6.300000000000001
Kanyakumari,August,1961-2000,40,30.4,23.9,27.15,6.5
Kanyakumari,September,1961-2000,40,30.6,24.3,27.450000000000003,6.300000000000001
Kanyakumari,October,1961-2000,40,30.5,24.3,27.4,6.199999999999999
Kanyakumari,November,1961-2000,40,30.2,24.0,27.1,6.199999999999999
Kanyakumari,December,1961-2000,40,30.2,23.7,26.95,6.5
Karnal,January,1949-1999,50,19.9,7.1,13.5,12.799999999999999
Karnal,February,1949-1999,50,22.7,9.2,15.95,13.5
Karnal,March,1949-1999,50,28.1,13.5,20.8,14.600000000000001
Karnal,April,1949-1999,50,35.2,19.2,27.200000000000003,16.000000000000004
Karnal,May,1949-1999,50,38.9,23.6,31.25,15.299999999999997
Karnal,June,1949-1999,50,38.8,26.0,32.4,12.799999999999997
Karnal,July,1949-1999,50,34.2,25.4,29.8,8.800000000000004
Karnal,August,1949-1999,50,32.8,24.9,28.849999999999998,7.899999999999999
Karnal,September,1949-1999,50,32.9,23.2,28.049999999999997,9.7
Karnal,October,1949-1999,50,31.7,17.7,24.7,14.0
Karnal,November,1949-1999,50,27.2,11.9,19.55,15.299999999999999
Karnal,December,1949-1999,50,22.1,8.0,15.05,14.100000000000001
Khajuraho,January,1970-2000,30,24.3,8.4,16.35,15.9
Khajuraho,February,1970-2000,30,27.6,10.6,19.1,17.0
Khajuraho,March,1970-2000,30,33.8,15.5,24.65,18.299999999999997
Khajuraho,April,1970-2000,30,39.8,21.9,30.849999999999998,17.9
Khajuraho,May,1970-2000,30,42.7,27.0,34.85,15.700000000000003
Khajuraho,June,1970-2000,30,40.1,28.4,34.25,11.700000000000003
Khajuraho,July,1970-2000,30,33.8,26.1,29.95,7.699999999999996
Khajuraho,August,1970-2000,30,32.1,25.2,28.65,6.900000000000002
Khajuraho,September,1970-2000,30,32.9,24.0,28.45,8.899999999999999
Khajuraho,October,1970-2000,30,33.7,19.1,26.400000000000002,14.600000000000001
Khajuraho,November,1970-2000,30,29.9,13.1,21.5,16.799999999999997
Khajuraho,December,1970-2000,30,25.7,9.0,17.35,16.7
Kodaikanal,January,1901-2000,100,17.5,8.1,12.8,9.4
Kodaikanal,February,1901-2000,100,18.6,8.5,13.55,10.100000000000001
Kodaikanal,March,1901-2000,100,20.1,10.1,15.100000000000001,10.000000000000002
Kodaikanal,April,1901-2000,100,20.6,11.7,16.15,8.900000000000002
Kodaikanal,May,1901-2000,100,20.9,12.6,16.75,8.299999999999999
Kodaikanal,June,1901-2000,100,18.9,12.0,15.45,6.899999999999999
Kodaikanal,July,1901-2000,100,17.7,11.4,14.55,6.299999999999999
Kodaikanal,August,1901-2000,100,17.9,11.3,14.6,6.599999999999998
Kodaikanal,September,1901-2000,100,18.1,11.2,14.65,6.900000000000002
Kodaikanal,October,1901-2000,100,17.4,10.7,14.049999999999999,6.699999999999999
Kodaikanal,November,1901-2000,100,16.4,9.7,13.049999999999999,6.699999999999999
Kodaikanal,December,1901-2000,100,16.7,8.7,12.7,8.0
Kohima,January,1952-1992,33,16.6,8.1,12.350000000000001,8.500000000000002
Kohima,February,1952-1992,33,17.9,9.3,13.6,8.599999999999998
Kohima,March,1952-1992,33,22.1,12.7,17.4,9.400000000000002
Kohima,April,1952-1992,33,24.1,15.6,19.85,8.500000000000002
Kohima,May,1952-1992,33,24.4,16.9,20.65,7.5
Kohima,June,1952-1992,33,24.9,18.1,21.5,6.799999999999997
Kohima,July,1952-1992,33,25.0,18.8,21.9,6.199999999999999
Kohima,August,1952-1992,33,25.4,18.9,22.15,6.5
Kohima,September,1952-1992,33,25.0,18.1,21.55,6.899999999999999
Kohima,October,1952-1992,33,23.4,16.6,20.0,6.799999999999997
Kohima,November,1952-1992,33,20.6,13.1,16.85,7.500000000000002
Kohima,December,1952-1992,33,17.7,9.4,13.55,8.299999999999999
Kolkata (Alipur),January,1901-2000,100,26.0,13.7,19.85,12.3
Kolkata (Alipur),February,1901-2000,100,29.0,16.6,22.8,12.399999999999999
Kolkata (Alipur),March,1901-2000,100,33.7,21.4,27.55,12.300000000000004
Kolkata (Alipur),April,1901-2000,100,35.7,24.9,30.3,10.800000000000004
Kolkata (Alipur),May,1901-2000,100,35.5,26.1,30.8,9.399999999999999
Kolkata (Alipur),June,1901-2000,100,33.7,26.5,30.1,7.200000000000003
Kolkata (Alipur),July,1901-2000,100,32.0,26.2,29.1,5.800000000000001
Kolkata (Alipur),August,1901-2000,100,31.8,26.1,28.950000000000003,5.699999999999999
Kolkata (Alipur),September,1901-2000,100,32.0,25.9,28.95,6.100000000000001
Kolkata (Alipur),October,1901-2000,100,31.7,23.9,27.799999999999997,7.800000000000001
Kolkata (Alipur),November,1901-2000,100,29.3,18.8,24.05,10.5
Kolkata (Alipur),December,1901-2000,100,26.4,14.2,20.299999999999997,12.2
Kota (A),January,1961-2000,40,23.7,10.9,17.3,12.799999999999999
Kota (A),February,1961-2000,40,26.9,13.7,20.299999999999997,13.2
Kota (A),March,1961-2000,40,32.9,19.1,26.0,13.799999999999997
Kota (A),April,1961-2000,40,38.8,25.0,31.9,13.799999999999997
Kota (A),May,1961-2000,40,42.1,29.3,35.7,12.8
Kota (A),June,1961-2000,40,40.0,29.2,34.6,10.8
Kota (A),July,1961-2000,40,34.2,26.5,30.35,7.700000000000003
Kota (A),August,1961-2000,40,32.0,25.4,28.7,6.600000000000001
Kota (A),September,1961-2000,40,33.7,25.0,29.35,8.700000000000003
Kota (A),October,1961-2000,40,34.3,21.8,28.049999999999997,12.499999999999996
Kota (A),November,1961-2000,40,29.9,16.3,23.1,13.599999999999998
Kota (A),December,1961-2000,40,25.3,11.9,18.6,13.4
Kozhikode (A),January,1996-2000,5,33.0,22.3,27.65,10.7
Kozhikode (A),February,1996-2000,5,33.5,23.1,28.3,10.399999999999999
Kozhikode (A),March,1996-2000,5,34.5,24.9,29.7,9.600000000000001
Kozhikode (A),April,1996-2000,5,34.2,25.5,29.85,8.700000000000003
Kozhikode (A),May,1996-2000,5,33.1,25.3,29.200000000000003,7.800000000000001
Kozhikode (A),June,1996-2000,5,29.8,23.6,26.700000000000003,6.199999999999999
Kozhikode (A),July,1996-2000,5,28.8,23.1,25.950000000000003,5.699999999999999
Kozhikode (A),August,1996-2000,5,29.1,23.4,26.25,5.700000000000003
Kozhikode (A),September,1996-2000,5,30.4,23.7,27.049999999999997,6.699999999999999
Kozhikode (A),October,1996-2000,5,30.8,23.5,27.15,7.300000000000001
Kozhikode (A),November,1996-2000,5,31.9,23.4,27.65,8.5
Kozhikode (A),December,1996-2000,5,32.2,22.5,27.35,9.700000000000003
Lucknow (Amausi),January,1952-2000,49,22.5,7.3,14.9,15.2
Lucknow (Amausi),February,1952-2000,49,25.9,9.7,17.799999999999997,16.2
Lucknow (Amausi),March,1952-2000,49,32.1,14.5,23.3,17.6
Lucknow (Amausi),April,1952-2000,49,38.0,20.4,29.2,17.6
Lucknow (Amausi),May,1952-2000,49,40.3,24.7,32.5,15.599999999999998
Lucknow (Amausi),June,1952-2000,49,38.6,27.0,32.8,11.600000000000001
Lucknow (Amausi),July,1952-2000,49,33.8,26.1,29.95,7.699999999999996
Lucknow (Amausi),August,1952-2000,49,32.9,25.6,29.25,7.299999999999997
Lucknow (Amausi),September,1952-2000,49,33.0,24.3,28.65,8.7
Lucknow (Amausi),October,1952-2000,49,32.6,19.0,25.8,13.600000000000001
Lucknow (Amausi),November,1952-2000,49,29.0,12.3,20.65,16.7
Lucknow (Amausi),December,1952-2000,49,24.3,8.0,16.15,16.3
Ludhiana,January,1901-1984,84,19.7,6.2,12.95,13.5
Ludhiana,February,1901-1984,84,22.4,8.4,15.399999999999999,13.999999999999998
Ludhiana,March,1901-1984,84,28.3,13.1,20.7,15.200000000000001
Ludhiana,April,1901-1984,84,35.2,18.8,27.0,16.400000000000002
Ludhiana,May,1901-1984,84,40.2,23.9,32.05,16.300000000000004
Ludhiana,June,1901-1984,84,40.7,27.1,33.900000000000006,13.600000000000001
Ludhiana,July,1901-1984,84,35.9,26.7,31.299999999999997,9.2
Ludhiana,August,1901-1984,84,34.4,25.9,30.15,8.5
Ludhiana,September,1901-1984,84,34.7,23.7,29.200000000000003,11.000000000000004
Ludhiana,October,1901-1984,84,33.3,17.6,25.45,15.699999999999996
Ludhiana,November,1901-1984,84,27.7,10.6,19.15,17.1
Ludhiana,December,1901-1984,84,21.9,6.6,14.25,15.299999999999999
Madurai (A),January,1958-2000,43,30.5,20.1,25.3,10.399999999999999
Madurai (A),February,1958-2000,43,32.9,21.0,26.95,11.899999999999999
Madurai (A),March,1958-2000,43,35.6,22.9,29.25,12.700000000000003
Madurai (A),April,1958-2000,43,37.0,25.2,31.1,11.8
Madurai (A),May,1958-2000,43,37.6,26.0,31.8,11.600000000000001
Madurai (A),June,1958-2000,43,36.7,25.9,31.3,10.800000000000004
Madurai (A),July,1958-2000,43,35.8,25.6,30.7,10.199999999999996
Madurai (A),August,1958-2000,43,35.6,25.2,30.4,10.400000000000002
Madurai (A),September,1958-2000,43,34.8,24.4,29.599999999999998,10.399999999999999
Madurai (A),October,1958-2000,43,32.6,23.5,28.05,9.100000000000001
Madurai (A),November,1958-2000,43,30.4,22.5,26.45,7.899999999999999
Madurai (A),December,1958-2000,43,29.6,21.1,25.35,8.5
Mahabaleshwar,January,1932-2000,69,25.1,13.5,19.3,11.600000000000001
Mahabaleshwar,February,1932-2000,69,27.0,14.5,20.75,12.5
Mahabaleshwar,March,1932-2000,69,29.7,17.2,23.45,12.5
Mahabaleshwar,April,1932-2000,69,30.9,18.7,24.799999999999997,12.2
Mahabaleshwar,May,1932-2000,69,29.4,18.1,23.75,11.299999999999997
Mahabaleshwar,June,1932-2000,69,22.4,17.0,19.7,5.399999999999999
Mahabaleshwar,July,1932-2000,69,19.4,16.6,18.0,2.799999999999997
Mahabaleshwar,August,1932-2000,69,19.2,16.4,17.799999999999997,2.8000000000000007
Mahabaleshwar,September,1932-2000,69,21.0,15.9,18.45,5.1
Mahabaleshwar,October,1932-2000,69,24.8,16.1,20.450000000000003,8.7
Mahabaleshwar,November,1932-2000,69,24.7,14.8,19.75,9.899999999999999
Mahabaleshwar,December,1932-2000,69,24.3,13.7,19.0,10.600000000000001
Malda,January,1901-1999,78,24.3,11.3,17.8,13.0
Malda,February,1901-1999,78,27.3,13.4,20.35,13.9
Malda,March,1901-1999,78,32.8,17.7,25.25,15.099999999999998
Malda,April,1901-1999,78,36.3,22.2,29.25,14.099999999999998
Malda,May,1901-1999,78,35.7,24.4,30.05,11.300000000000004
Malda,June,1901-1999,78,33.8,25.8,29.799999999999997,7.9999999999999964
Malda,July,1901-1999,78,32.2,26.0,29.1,6.200000000000003
Malda,August,1901-1999,78,32.0,26.1,29.05,5.899999999999999
Malda,September,1901-1999,78,32.1,25.8,28.950000000000003,6.300000000000001
Malda,October,1901-1999,78,31.3,22.9,27.1,8.400000000000002
Malda,November,1901-1999,78,28.7,17.3,23.0,11.399999999999999
Malda,December,1901-1999,78,25.4,12.6,19.0,12.799999999999999
Manali,January,1968-2000,32,10.6,-1.7,4.45,12.299999999999999
Manali,February,1968-2000,32,11.7,-0.7,5.5,12.399999999999999
Manali,March,1968-2000,32,16.1,2.4,9.25,13.700000000000001
Manali,April,1968-2000,32,21.9,5.9,13.899999999999999,15.999999999999998
Manali,May,1968-2000,32,24.9,8.6,16.75,16.299999999999997
Manali,June,1968-2000,32,27.2,12.4,19.8,14.799999999999999
Manali,July,1968-2000,32,25.9,15.3,20.6,10.599999999999998
Manali,August,1968-2000,32,25.4,14.9,20.15,10.499999999999998
Manali,September,1968-2000,32,25.0,11.2,18.1,13.8
Manali,October,1968-2000,32,22.4,5.4,13.899999999999999,17.0
Manali,November,1968-2000,32,18.4,1.5,9.95,16.9
Manali,December,1968-2000,32,13.8,-0.4,6.7,14.200000000000001
Mangalore (Bajpe),January,1956-2000,45,32.8,20.8,26.799999999999997,11.999999999999996
Mangalore (Bajpe),February,1956-2000,45,33.0,21.8,27.4,11.2
Mangalore (Bajpe),March,1956-2000,45,33.5,23.6,28.55,9.899999999999999
Mangalore (Bajpe),April,1956-2000,45,34.0,25.0,29.5,9.0
Mangalore (Bajpe),May,1956-2000,45,33.3,25.1,29.2,8.199999999999996
Mangalore (Bajpe),June,1956-2000,45,29.7,23.4,26.549999999999997,6.300000000000001
Mangalore (Bajpe),July,1956-2000,45,28.2,22.9,25.549999999999997,5.300000000000001
Mangalore (Bajpe),August,1956-2000,45,28.4,23.0,25.7,5.399999999999999
Mangalore (Bajpe),September,1956-2000,45,29.5,23.1,26.3,6.399999999999999
Mangalore (Bajpe),October,1956-2000,45,30.9,23.1,27.0,7.799999999999997
Mangalore (Bajpe),November,1956-2000,45,32.3,22.4,27.349999999999998,9.899999999999999
Mangalore (Bajpe),December,1956-2000,45,32.8,21.2,27.0,11.599999999999998
Masulipatnam,January,1901-2000,100,28.2,19.3,23.75,8.899999999999999
Masulipatnam,February,1901-2000,100,30.0,20.7,25.35,9.3
Masulipatnam,March,1901-2000,100,32.3,22.6,27.45,9.699999999999996
Masulipatnam,April,1901-2000,100,34.3,25.6,29.95,8.699999999999996
Masulipatnam,May,1901-2000,100,37.0,27.6,32.3,9.399999999999999
Masulipatnam,June,1901-2000,100,36.6,27.2,31.9,9.400000000000002
Masulipatnam,July,1901-2000,100,33.2,25.6,29.400000000000002,7.600000000000001
Masulipatnam,August,1901-2000,100,32.6,25.6,29.1,7.0
Masulipatnam,September,1901-2000,100,32.3,25.5,28.9,6.799999999999997
Masulipatnam,October,1901-2000,100,31.2,24.4,27.799999999999997,6.800000000000001
Masulipatnam,November,1901-2000,100,29.5,21.9,25.7,7.600000000000001
Masulipatnam,December,1901-2000,100,28.2,19.5,23.85,8.7
Minicoy,January,1901-2000,99,30.2,23.3,26.75,6.899999999999999
Minicoy,February,1901-2000,99,30.5,23.8,27.15,6.699999999999999
Minicoy,March,1901-2000,99,31.4,24.8,28.1,6.599999999999998
Minicoy,April,1901-2000,99,32.1,26.1,29.1,6.0
Minicoy,May,1901-2000,99,31.8,26.2,29.0,5.600000000000001
Minicoy,June,1901-2000,99,30.5,25.3,27.9,5.199999999999999
Minicoy,July,1901-2000,99,30.1,25.0,27.55,5.100000000000001
Minicoy,August,1901-2000,99,30.0,24.9,27.45,5.100000000000001
Minicoy,September,1901-2000,99,30.0,24.9,27.45,5.100000000000001
Minicoy,October,1901-2000,99,30.2,24.6,27.4,5.599999999999998
Minicoy,November,1901-2000,99,30.3,24.1,27.200000000000003,6.199999999999999
Minicoy,December,1901-2000,99,30.3,23.7,27.0,6.600000000000001
Mukteswar (Kumaun),January,1901-2000,100,10.5,1.6,6.05,8.9
Mukteswar (Kumaun),February,1901-2000,100,11.5,2.3,6.9,9.2
Mukteswar (Kumaun),March,1901-2000,100,15.9,5.8,10.85,10.100000000000001
Mukteswar (Kumaun),April,1901-2000,100,20.7,10.1,15.399999999999999,10.6
Mukteswar (Kumaun),May,1901-2000,100,23.4,12.9,18.15,10.499999999999998
Mukteswar (Kumaun),June,1901-2000,100,23.3,14.2,18.75,9.100000000000001
Mukteswar (Kumaun),July,1901-2000,100,20.9,14.2,17.549999999999997,6.699999999999999
Mukteswar (Kumaun),August,1901-2000,100,20.2,13.9,17.05,6.299999999999999
Mukteswar (Kumaun),September,1901-2000,100,20.1,12.5,16.3,7.600000000000001
Mukteswar (Kumaun),October,1901-2000,100,18.9,9.5,14.2,9.399999999999999
Mukteswar (Kumaun),November,1901-2000,100,15.8,5.9,10.850000000000001,9.9
Mukteswar (Kumaun),December,1901-2000,100,12.8,3.4,8.1,9.4
Mumbai (Santa Cruz),January,1951-2000,50,30.7,16.7,23.7,14.0
Mumbai (Santa Cruz),February,1951-2000,50,31.2,17.7,24.45,13.5
Mumbai (Santa Cruz),March,1951-2000,50,32.7,20.8,26.75,11.900000000000002
Mumbai (Santa Cruz),April,1951-2000,50,33.0,23.8,28.4,9.2
Mumbai (Santa Cruz),May,1951-2000,50,33.3,26.4,29.849999999999998,6.899999999999999
Mumbai (Santa Cruz),June,1951-2000,50,32.1,26.2,29.15,5.900000000000002
Mumbai (Santa Cruz),July,1951-2000,50,30.0,25.1,27.55,4.899999999999999
Mumbai (Santa Cruz),August,1951-2000,50,29.6,24.8,27.200000000000003,4.800000000000001
Mumbai (Santa Cruz),September,1951-2000,50,30.3,24.3,27.3,6.0
Mumbai (Santa Cruz),October,1951-2000,50,33.1,23.4,28.25,9.700000000000003
Mumbai (Santa Cruz),November,1951-2000,50,33.5,20.8,27.15,12.7
Mumbai (Santa Cruz),December,1951-2000,50,32.1,18.3,25.200000000000003,13.8
Mysore,January,1901-2000,100,28.6,16.2,22.4,12.400000000000002
Mysore,February,1901-2000,100,31.1,17.9,24.5,13.200000000000003
Mysore,March,1901-2000,100,33.6,19.9,26.75,13.700000000000003
Mysore,April,1901-2000,100,34.3,21.2,27.75,13.099999999999998
Mysore,May,1901-2000,100,32.9,21.0,26.95,11.899999999999999
Mysore,June,1901-2000,100,29.2,20.1,24.65,9.099999999999998
Mysore,July,1901-2000,100,27.7,19.6,23.65,8.099999999999998
Mysore,August,1901-2000,100,28.0,19.5,23.75,8.5
Mysore,September,1901-2000,100,28.9,19.3,24.1,9.599999999999998
Mysore,October,1901-2000,100,28.8,19.5,24.15,9.3
Mysore,November,1901-2000,100,27.9,18.2,23.049999999999997,9.7
Mysore,December,1901-2000,100,27.5,16.5,22.0,11.0
Nagpur (Sonegaon),January,1901-2000,100,28.7,13.1,20.9,15.6
Nagpur (Sonegaon),February,1901-2000,100,31.4,15.1,23.25,16.299999999999997
Nagpur (Sonegaon),March,1901-2000,100,36.1,19.2,27.65,16.900000000000002
Nagpur (Sonegaon),April,1901-2000,100,40.1,24.0,32.05,16.1
Nagpur (Sonegaon),May,1901-2000,100,42.5,28.0,35.25,14.5
Nagpur (Sonegaon),June,1901-2000,100,37.7,26.4,32.05,11.300000000000004
Nagpur (Sonegaon),July,1901-2000,100,31.2,24.0,27.6,7.199999999999999
Nagpur (Sonegaon),August,1901-2000,100,30.5,23.6,27.05,6.899999999999999
Nagpur (Sonegaon),September,1901-2000,100,31.7,23.1,27.4,8.599999999999998
Nagpur (Sonegaon),October,1901-2000,100,32.6,20.0,26.3,12.600000000000001
Nagpur (Sonegaon),November,1901-2000,100,30.2,15.3,22.75,14.899999999999999
Nagpur (Sonegaon),December,1901-2000,100,28.1,12.1,20.1,16.0
Nainital,January,1953-1979,27,10.7,1.7,6.199999999999999,9.0
Nainital,February,1953-1979,27,12.3,3.5,7.9,8.8
Nainital,March,1953-1979,27,16.3,7.5,11.9,8.8
Nainital,April,1953-1979,27,20.8,11.9,16.35,8.9
Nainital,May,1953-1979,27,23.5,14.6,19.05,8.9
Nainital,June,1953-1979,27,23.5,16.4,19.95,7.100000000000001
Nainital,July,1953-1979,27,21.6,16.5,19.05,5.100000000000001
Nainital,August,1953-1979,27,21.0,16.0,18.5,5.0
Nainital,September,1953-1979,27,20.7,14.1,17.4,6.6
Nainital,October,1953-1979,27,18.7,9.7,14.2,9.0
Nainital,November,1953-1979,27,15.4,5.7,10.55,9.7
Nainital,December,1953-1979,27,12.9,3.1,8.0,9.8
Nasik,January,1949-1990,36,29.9,10.8,20.35,19.099999999999998
Nasik,February,1949-1990,36,31.8,12.0,21.9,19.8
Nasik,March,1949-1990,36,35.2,15.1,25.150000000000002,20.1
Nasik,April,1949-1990,36,37.2,19.4,28.3,17.800000000000004
Nasik,May,1949-1990,36,37.2,21.4,29.3,15.800000000000004
Nasik,June,1949-1990,36,32.5,22.4,27.45,10.100000000000001
Nasik,July,1949-1990,36,28.0,22.2,25.1,5.800000000000001
Nasik,August,1949-1990,36,27.3,21.3,24.3,6.0
Nasik,September,1949-1990,36,28.8,20.9,24.85,7.900000000000002
Nasik,October,1949-1990,36,31.7,18.5,25.1,13.2
Nasik,November,1949-1990,36,31.0,13.6,22.3,17.4
Nasik,December,1949-1990,36,30.1,11.6,20.85,18.5
New Delhi (Palam),January,1956-2000,45,20.8,6.7,13.75,14.100000000000001
New Delhi (Palam),February,1956-2000,45,23.9,9.1,16.5,14.799999999999999
New Delhi (Palam),March,1956-2000,45,30.0,14.1,22.05,15.9
New Delhi (Palam),April,1956-2000,45,36.9,20.5,28.7,16.4
New Delhi (Palam),May,1956-2000,45,40.5,25.1,32.8,15.399999999999999
New Delhi (Palam),June,1956-2000,45,40.3,27.6,33.95,12.699999999999996
New Delhi (Palam),July,1956-2000,45,35.4,26.4,30.9,9.0
New Delhi (Palam),August,1956-2000,45,33.7,25.6,29.650000000000002,8.100000000000001
New Delhi (Palam),September,1956-2000,45,34.2,23.8,29.0,10.400000000000002
New Delhi (Palam),October,1956-2000,45,33.3,18.8,26.049999999999997,14.499999999999996
New Delhi (Palam),November,1956-2000,45,28.3,12.7,20.5,15.600000000000001
New Delhi (Palam),December,1956-2000,45,22.7,7.8,15.25,14.899999999999999
New Delhi (SFD),January,1901-2000,100,20.8,7.8,14.3,13.0
New Delhi (SFD),February,1901-2000,100,23.7,10.3,17.0,13.399999999999999
New Delhi (SFD),March,1901-2000,100,29.6,15.4,22.5,14.200000000000001
New Delhi (SFD),April,1901-2000,100,36.0,21.5,28.75,14.5
New Delhi (SFD),May,1901-2000,100,39.8,26.2,33.0,13.599999999999998
New Delhi (SFD),June,1901-2000,100,39.4,28.3,33.85,11.099999999999998
New Delhi (SFD),July,1901-2000,100,35.2,27.0,31.1,8.200000000000003
New Delhi (SFD),August,1901-2000,100,33.6,26.2,29.9,7.400000000000002
New Delhi (SFD),September,1901-2000,100,34.0,24.7,29.35,9.3
New Delhi (SFD),October,1901-2000,100,32.9,19.4,26.15,13.5
New Delhi (SFD),November,1901-2000,100,28.0,12.8,20.4,15.2
New Delhi (SFD),December,1901-2000,100,22.7,8.4,15.55,14.299999999999999
Palakkad (Palghat),January,1943-2000,58,33.0,21.8,27.4,11.2
Palakkad (Palghat),February,1943-2000,58,35.4,22.6,29.0,12.799999999999997
Palakkad (Palghat),March,1943-2000,58,37.3,24.2,30.75,13.099999999999998
Palakkad (Palghat),April,1943-2000,58,36.5,25.1,30.8,11.399999999999999
Palakkad (Palghat),May,1943-2000,58,34.0,24.8,29.4,9.2
Palakkad (Palghat),June,1943-2000,58,29.7,23.2,26.45,6.5
Palakkad (Palghat),July,1943-2000,58,28.3,22.5,25.4,5.800000000000001
Palakkad (Palghat),August,1943-2000,58,28.8,22.9,25.85,5.900000000000002
Palakkad (Palghat),September,1943-2000,58,30.3,23.0,26.65,7.300000000000001
Palakkad (Palghat),October,1943-2000,58,31.2,23.2,27.2,8.0
Palakkad (Palghat),November,1943-2000,58,31.8,22.9,27.35,8.900000000000002
Palakkad (Palghat),December,1943-2000,58,31.9,22.2,27.049999999999997,9.7
Panjim,January,1901-2000,50,31.1,20.2,25.65,10.900000000000002
Panjim,February,1901-2000,50,31.0,20.8,25.9,10.2
Panjim,March,1901-2000,50,31.4,23.3,27.35,8.099999999999998
Panjim,April,1901-2000,50,32.3,25.5,28.9,6.799999999999997
Panjim,May,1901-2000,50,32.7,26.6,29.650000000000002,6.100000000000001
Panjim,June,1901-2000,50,30.1,25.0,27.55,5.100000000000001
Panjim,July,1901-2000,50,28.6,24.3,26.450000000000003,4.300000000000001
Panjim,August,1901-2000,50,28.6,24.2,26.4,4.400000000000002
Panjim,September,1901-2000,50,29.3,24.1,26.700000000000003,5.199999999999999
Panjim,October,1901-2000,50,31.1,24.1,27.6,7.0
Panjim,November,1901-2000,50,32.2,22.6,27.400000000000002,9.600000000000001
Panjim,December,1901-2000,50,31.8,21.0,26.4,10.8
Parbhani,January,1944-2000,57,30.0,14.0,22.0,16.0
Parbhani,February,1944-2000,57,33.1,16.2,24.65,16.900000000000002
Parbhani,March,1944-2000,57,37.1,20.3,28.700000000000003,16.8
Parbhani,April,1944-2000,57,40.2,24.0,32.1,16.200000000000003
Parbhani,May,1944-2000,57,41.7,26.4,34.05,15.300000000000004
Parbhani,June,1944-2000,57,36.6,24.6,30.6,12.0
Parbhani,July,1944-2000,57,31.8,23.0,27.4,8.8
Parbhani,August,1944-2000,57,30.7,22.5,26.6,8.2
Parbhani,September,1944-2000,57,31.5,22.2,26.85,9.3
Parbhani,October,1944-2000,57,32.4,20.0,26.2,12.399999999999999
Parbhani,November,1944-2000,57,30.5,15.9,23.2,14.6
Parbhani,December,1944-2000,57,29.1,13.4,21.25,15.700000000000001
Pasighat,January,1957-1992,35,22.8,12.3,17.55,10.5
Pasighat,February,1957-1992,35,23.0,13.9,18.45,9.1
Pasighat,March,1957-1992,35,26.0,16.7,21.35,9.3
Pasighat,April,1957-1992,35,27.8,18.9,23.35,8.900000000000002
Pasighat,May,1957-1992,35,29.3,21.2,25.25,8.100000000000001
Pasighat,June,1957-1992,35,30.7,23.2,26.95,7.5
Pasighat,July,1957-1992,35,30.4,23.5,26.95,6.899999999999999
Pasighat,August,1957-1992,35,31.5,23.8,27.65,7.699999999999999
Pasighat,September,1957-1992,35,30.5,23.0,26.75,7.5
Pasighat,October,1957-1992,35,29.4,20.6,25.0,8.799999999999997
Pasighat,November,1957-1992,35,27.2,16.6,21.9,10.599999999999998
Pasighat,December,1957-1992,35,24.1,13.3,18.700000000000003,10.8
Patna (A),January,1951-2000,50,23.0,9.3,16.15,13.7
Patna (A),February,1951-2000,50,26.1,11.6,18.85,14.500000000000002
Patna (A),March,1951-2000,50,32.4,16.4,24.4,16.0
Patna (A),April,1951-2000,50,37.4,22.1,29.75,15.299999999999997
Patna (A),May,1951-2000,50,38.4,25.1,31.75,13.299999999999997
Patna (A),June,1951-2000,50,36.7,26.7,31.700000000000003,10.000000000000004
Patna (A),July,1951-2000,50,32.9,26.1,29.5,6.799999999999997
Patna (A),August,1951-2000,50,32.5,26.1,29.3,6.399999999999999
Patna (A),September,1951-2000,50,32.2,25.3,28.75,6.900000000000002
Patna (A),October,1951-2000,50,31.7,21.6,26.65,10.099999999999998
Patna (A),November,1951-2000,50,28.9,14.8,21.85,14.099999999999998
Patna (A),December,1951-2000,50,24.6,10.1,17.35,14.500000000000002
Pondicherry (A),January,1996-2000,5,29.6,20.3,24.950000000000003,9.3
Pondicherry (A),February,1996-2000,5,30.7,21.5,26.1,9.2
Pondicherry (A),March,1996-2000,5,32.2,23.0,27.6,9.200000000000003
Pondicherry (A),April,1996-2000,5,34.0,25.8,29.9,8.2
Pondicherry (A),May,1996-2000,5,36.8,26.9,31.849999999999998,9.899999999999999
Pondicherry (A),June,1996-2000,5,36.6,26.4,31.5,10.200000000000003
Pondicherry (A),July,1996-2000,5,35.6,26.0,30.8,9.600000000000001
Pondicherry (A),August,1996-2000,5,34.5,25.1,29.8,9.399999999999999
Pondicherry (A),September,1996-2000,5,34.0,24.8,29.4,9.2
Pondicherry (A),October,1996-2000,5,32.0,24.0,28.0,8.0
Pondicherry (A),November,1996-2000,5,30.4,22.9,26.65,7.5
Pondicherry (A),December,1996-2000,5,29.1,21.4,25.25,7.700000000000003
Port Blair,January,1901-2000,97,29.4,23.1,26.25,6.299999999999997
Port Blair,February,1901-2000,97,30.2,22.5,26.35,7.699999999999999
Port Blair,March,1901-2000,97,31.5,23.2,27.35,8.3
Port Blair,April,1901-2000,97,32.5,24.7,28.6,7.800000000000001
Port Blair,May,1901-2000,97,31.1,24.7,27.9,6.400000000000002
Port Blair,June,1901-2000,97,29.6,24.4,27.0,5.200000000000003
Port Blair,July,1901-2000,97,29.2,24.3,26.75,4.899999999999999
Port Blair,August,1901-2000,97,29.1,24.2,26.65,4.900000000000002
Port Blair,September,1901-2000,97,29.1,23.7,26.4,5.400000000000002
Port Blair,October,1901-2000,97,29.6,23.7,26.65,5.900000000000002
Port Blair,November,1901-2000,97,29.7,23.9,26.799999999999997,5.800000000000001
Port Blair,December,1901-2000,97,29.4,23.6,26.5,5.799999999999997
Pune,January,1901-2000,100,30.2,11.6,20.9,18.6
Pune,February,1901-2000,100,32.3,12.7,22.5,19.599999999999998
Pune,March,1901-2000,100,35.8,16.3,26.049999999999997,19.499999999999996
Pune,April,1901-2000,100,37.9,20.1,29.0,17.799999999999997
Pune,May,1901-2000,100,37.2,22.3,29.75,14.900000000000002
Pune,June,1901-2000,100,32.0,22.8,27.4,9.2
Pune,July,1901-2000,100,28.1,22.0,25.05,6.100000000000001
Pune,August,1901-2000,100,27.6,21.3,24.450000000000003,6.300000000000001
Pune,September,1901-2000,100,29.2,20.6,24.9,8.599999999999998
Pune,October,1901-2000,100,31.7,18.9,25.299999999999997,12.8
Pune,November,1901-2000,100,30.5,14.8,22.65,15.7
Pune,December,1901-2000,100,29.3,11.8,20.55,17.5
Raipur,January,1901-1998,97,27.6,13.3,20.450000000000003,14.3
Raipur,February,1901-1998,97,30.3,15.9,23.1,14.4
Raipur,March,1901-1998,97,35.1,20.2,27.65,14.900000000000002
Raipur,April,1901-1998,97,39.4,24.8,32.1,14.599999999999998
Raipur,May,1901-1998,97,41.9,28.0,34.95,13.899999999999999
Raipur,June,1901-1998,97,37.2,26.4,31.8,10.800000000000004
Raipur,July,1901-1998,97,30.6,23.9,27.25,6.700000000000003
Raipur,August,1901-1998,97,30.1,23.8,26.950000000000003,6.300000000000001
Raipur,September,1901-1998,97,31.3,23.8,27.55,7.5
Raipur,October,1901-1998,97,31.6,21.2,26.4,10.400000000000002
Raipur,November,1901-1998,97,29.3,16.1,22.700000000000003,13.2
Raipur,December,1901-1998,97,27.1,12.7,19.9,14.400000000000002
Rajkot (A),January,1905-2000,49,28.2,11.8,20.0,16.4
Rajkot (A),February,1905-2000,49,30.8,13.8,22.3,17.0
Rajkot (A),March,1905-2000,49,35.2,18.0,26.6,17.200000000000003
Rajkot (A),April,1905-2000,49,38.6,21.7,30.15,16.900000000000002
Rajkot (A),May,1905-2000,49,40.3,24.8,32.55,15.499999999999996
Rajkot (A),June,1905-2000,49,37.6,26.1,31.85,11.5
Rajkot (A),July,1905-2000,49,32.9,25.1,29.0,7.799999999999997
Rajkot (A),August,1905-2000,49,31.5,24.1,27.8,7.399999999999999
Rajkot (A),September,1905-2000,49,33.2,23.1,28.150000000000002,10.100000000000001
Rajkot (A),October,1905-2000,49,35.5,21.5,28.5,14.0
Rajkot (A),November,1905-2000,49,32.9,17.6,25.25,15.299999999999997
Rajkot (A),December,1905-2000,49,29.6,13.6,21.6,16.0
Ranchi (A),January,1951-2000,40,23.0,10.0,16.5,13.0
Ranchi (A),February,1951-2000,40,25.8,12.6,19.2,13.200000000000001
Ranchi (A),March,1951-2000,40,31.2,17.0,24.1,14.2
Ranchi (A),April,1951-2000,40,35.5,21.4,28.45,14.100000000000001
Ranchi (A),May,1951-2000,40,37.2,23.6,30.400000000000002,13.600000000000001
Ranchi (A),June,1951-2000,40,33.5,23.7,28.6,9.8
Ranchi (A),July,1951-2000,40,29.3,22.7,26.0,6.600000000000001
Ranchi (A),August,1951-2000,40,28.8,22.5,25.65,6.300000000000001
Ranchi (A),September,1951-2000,40,29.1,21.8,25.450000000000003,7.300000000000001
Ranchi (A),October,1951-2000,40,28.5,19.0,23.75,9.5
Ranchi (A),November,1951-2000,40,25.9,14.0,19.95,11.899999999999999
Ranchi (A),December,1951-2000,40,23.2,10.2,16.7,13.0
Sambalpur,January,1901-2000,95,27.6,12.6,20.1,15.000000000000002
Sambalpur,February,1901-2000,95,30.1,15.1,22.6,15.000000000000002
Sambalpur,March,1901-2000,95,35.0,19.0,27.0,16.0
Sambalpur,April,1901-2000,95,39.3,23.5,31.4,15.799999999999997
Sambalpur,May,1901-2000,95,41.4,27.0,34.2,14.399999999999999
Sambalpur,June,1901-2000,95,36.9,26.7,31.799999999999997,10.2
Sambalpur,July,1901-2000,95,31.1,24.9,28.0,6.200000000000003
Sambalpur,August,1901-2000,95,30.7,24.8,27.75,5.899999999999999
Sambalpur,September,1901-2000,95,31.7,24.6,28.15,7.099999999999998
Sambalpur,October,1901-2000,95,31.7,21.8,26.75,9.899999999999999
Sambalpur,November,1901-2000,95,29.4,16.2,22.799999999999997,13.2
Sambalpur,December,1901-2000,95,27.2,12.1,19.65,15.1
Shillong,January,1902-2000,99,15.3,4.4,9.850000000000001,10.9
Shillong,February,1902-2000,99,17.0,6.4,11.7,10.6
Shillong,March,1902-2000,99,21.3,10.6,15.95,10.700000000000001
Shillong,April,1902-2000,99,23.4,13.8,18.6,9.599999999999998
Shillong,May,1902-2000,99,23.5,15.3,19.4,8.2
Shillong,June,1902-2000,99,23.7,17.3,20.5,6.399999999999999
Shillong,July,1902-2000,99,24.0,18.0,21.0,6.0
Shillong,August,1902-2000,99,24.0,17.7,20.85,6.300000000000001
Shillong,September,1902-2000,99,23.4,16.5,19.95,6.899999999999999
Shillong,October,1902-2000,99,21.7,13.2,17.45,8.5
Shillong,November,1902-2000,99,19.0,8.7,13.85,10.3
Shillong,December,1902-2000,99,16.3,5.3,10.8,11.0
Shimla,January,1901-1992,90,8.6,1.9,5.25,6.699999999999999
Shimla,February,1901-1992,90,9.7,2.7,6.199999999999999,6.999999999999999
Shimla,March,1901-1992,90,13.9,6.5,10.2,7.4
Shimla,April,1901-1992,90,18.9,10.9,14.899999999999999,7.999999999999998
Shimla,May,1901-1992,90,22.7,14.4,18.55,8.299999999999999
Shimla,June,1901-1992,90,23.7,15.8,19.75,7.899999999999999
Shimla,July,1901-1992,90,20.9,15.3,18.1,5.599999999999998
Shimla,August,1901-1992,90,19.8,14.9,17.35,4.9
Shimla,September,1901-1992,90,19.6,13.5,16.55,6.100000000000001
Shimla,October,1901-1992,90,17.9,10.7,14.299999999999999,7.199999999999999
Shimla,November,1901-1992,90,14.1,7.0,10.55,7.1
Shimla,December,1901-1992,90,11.1,4.1,7.6,7.0
Silchar,January,1901-2000,89,24.9,11.7,18.299999999999997,13.2
Silchar,February,1901-2000,89,26.7,13.5,20.1,13.2
Silchar,March,1901-2000,89,30.0,17.4,23.7,12.600000000000001
Silchar,April,1901-2000,89,30.8,20.7,25.75,10.100000000000001
Silchar,May,1901-2000,89,31.1,22.8,26.950000000000003,8.3
Silchar,June,1901-2000,89,31.3,24.5,27.9,6.800000000000001
Silchar,July,1901-2000,89,31.7,25.0,28.35,6.699999999999999
Silchar,August,1901-2000,89,31.7,24.9,28.299999999999997,6.800000000000001
Silchar,September,1901-2000,89,31.6,24.6,28.1,7.0
Silchar,October,1901-2000,89,30.9,22.5,26.7,8.399999999999999
Silchar,November,1901-2000,89,28.9,17.7,23.299999999999997,11.2
Silchar,December,1901-2000,89,26.1,13.0,19.55,13.100000000000001
Solapur,January,1901-2000,100,30.8,15.8,23.3,15.0
Solapur,February,1901-2000,100,33.6,17.6,25.6,16.0
Solapur,March,1901-2000,100,37.3,21.2,29.25,16.099999999999998
Solapur,April,1901-2000,100,39.6,24.3,31.950000000000003,15.3
Solapur,May,1901-2000,100,40.2,25.1,32.650000000000006,15.100000000000001
Solapur,June,1901-2000,100,35.0,23.3,29.15,11.7
Solapur,July,1901-2000,100,31.7,22.3,27.0,9.399999999999999
Solapur,August,1901-2000,100,31.3,21.8,26.55,9.5
Solapur,September,1901-2000,100,31.7,21.6,26.65,10.099999999999998
Solapur,October,1901-2000,100,32.6,20.7,26.65,11.900000000000002
Solapur,November,1901-2000,100,31.0,17.6,24.3,13.399999999999999
Solapur,December,1901-2000,100,29.9,15.2,22.549999999999997,14.7
Sri Niketan,January,1961-2000,39,25.0,11.8,18.4,13.2
Sri Niketan,February,1961-2000,39,28.3,14.5,21.4,13.8
Sri Niketan,March,1961-2000,39,33.8,19.2,26.5,14.599999999999998
Sri Niketan,April,1961-2000,39,37.4,23.4,30.4,14.0
Sri Niketan,May,1961-2000,39,37.3,25.0,31.15,12.299999999999997
Sri Niketan,June,1961-2000,39,35.1,26.0,30.55,9.100000000000001
Sri Niketan,July,1961-2000,39,32.6,25.8,29.200000000000003,6.800000000000001
Sri Niketan,August,1961-2000,39,32.2,25.8,29.0,6.400000000000002
Sri Niketan,September,1961-2000,39,32.2,25.3,28.75,6.900000000000002
Sri Niketan,October,1961-2000,39,31.5,22.6,27.05,8.899999999999999
Sri Niketan,November,1961-2000,39,29.3,17.2,23.25,12.100000000000001
Sri Niketan,December,1961-2000,39,26.0,12.6,19.3,13.4
Srinagar,January,1901-2000,98,5.0,-2.3,1.35,7.3
Srinagar,February,1901-2000,98,7.6,-0.8,3.4,8.4
Srinagar,March,1901-2000,98,13.5,3.4,8.45,10.1
Srinagar,April,1901-2000,98,19.3,7.4,13.350000000000001,11.9
Srinagar,May,1901-2000,98,24.2,10.9,17.55,13.299999999999999
Srinagar,June,1901-2000,98,28.9,14.5,21.7,14.399999999999999
Srinagar,July,1901-2000,98,30.3,18.2,24.25,12.100000000000001
Srinagar,August,1901-2000,98,29.7,17.7,23.7,12.0
Srinagar,September,1901-2000,98,27.6,12.5,20.05,15.100000000000001
Srinagar,October,1901-2000,98,22.1,5.6,13.850000000000001,16.5
Srinagar,November,1901-2000,98,15.4,0.3,7.8500000000000005,15.1
Srinagar,December,1901-2000,98,8.5,-2.0,3.25,10.5
Surat,January,1901-2000,99,30.9,14.7,22.799999999999997,16.2
Surat,February,1901-2000,99,32.4,16.2,24.299999999999997,16.2
Surat,March,1901-2000,99,35.8,20.1,27.95,15.699999999999996
Surat,April,1901-2000,99,37.2,23.6,30.400000000000002,13.600000000000001
Surat,May,1901-2000,99,36.2,26.3,31.25,9.900000000000002
Surat,June,1901-2000,99,33.8,26.7,30.25,7.099999999999998
Surat,July,1901-2000,99,30.8,25.5,28.15,5.300000000000001
Surat,August,1901-2000,99,30.4,25.1,27.75,5.299999999999997
Surat,September,1901-2000,99,31.8,24.6,28.200000000000003,7.199999999999999
Surat,October,1901-2000,99,35.3,23.0,29.15,12.299999999999997
Surat,November,1901-2000,99,34.3,19.2,26.75,15.099999999999998
Surat,December,1901-2000,99,32.0,15.9,23.95,16.1
Thiruvananthapuram,January,1901-2000,100,30.7,22.4,26.549999999999997,8.3
Thiruvananthapuram,February,1901-2000,100,31.2,23.0,27.1,8.2
Thiruvananthapuram,March,1901-2000,100,32.1,24.4,28.25,7.700000000000003
Thiruvananthapuram,April,1901-2000,100,32.1,25.3,28.700000000000003,6.800000000000001
Thiruvananthapuram,May,1901-2000,100,31.3,25.2,28.25,6.100000000000001
Thiruvananthapuram,June,1901-2000,100,29.3,23.9,26.6,5.400000000000002
Thiruvananthapuram,July,1901-2000,100,28.8,23.4,26.1,5.400000000000002
Thiruvananthapuram,August,1901-2000,100,29.0,23.5,26.25,5.5
Thiruvananthapuram,September,1901-2000,100,29.6,23.6,26.6,6.0
Thiruvananthapuram,October,1901-2000,100,29.5,23.6,26.55,5.899999999999999
Thiruvananthapuram,November,1901-2000,100,29.6,23.3,26.450000000000003,6.300000000000001
Thiruvananthapuram,December,1901-2000,100,30.3,22.8,26.55,7.5
Tirupathy,January,1981-2000,20,29.9,18.7,24.299999999999997,11.2
Tirupathy,February,1981-2000,20,32.8,20.1,26.45,12.699999999999996
Tirupathy,March,1981-2000,20,36.7,22.6,29.650000000000002,14.100000000000001
Tirupathy,April,1981-2000,20,39.3,26.2,32.75,13.099999999999998
Tirupathy,May,1981-2000,20,40.3,27.9,34.099999999999994,12.399999999999999
Tirupathy,June,1981-2000,20,37.8,27.2,32.5,10.599999999999998
Tirupathy,July,1981-2000,20,35.7,25.9,30.8,9.800000000000004
Tirupathy,August,1981-2000,20,34.8,25.5,30.15,9.299999999999997
Tirupathy,September,1981-2000,20,34.8,25.1,29.95,9.699999999999996
Tirupathy,October,1981-2000,20,32.7,23.5,28.1,9.200000000000003
Tirupathy,November,1981-2000,20,30.1,21.7,25.9,8.400000000000002
Tirupathy,December,1981-2000,20,28.9,19.9,24.4,9.0
Tura,January,1950-1985,35,23.0,11.5,17.25,11.5
Tura,February,1950-1985,35,25.2,13.4,19.3,11.799999999999999
Tura,March,1950-1985,35,29.3,17.4,23.35,11.900000000000002
Tura,April,1950-1985,35,31.2,20.4,25.799999999999997,10.8
Tura,May,1950-1985,35,30.1,20.7,25.4,9.400000000000002
Tura,June,1950-1985,35,29.1,21.3,25.200000000000003,7.800000000000001
Tura,July,1950-1985,35,28.8,22.2,25.5,6.600000000000001
Tura,August,1950-1985,35,28.8,22.1,25.450000000000003,6.699999999999999
Tura,September,1950-1985,35,29.1,21.6,25.35,7.5
Tura,October,1950-1985,35,28.8,19.6,24.200000000000003,9.2
Tura,November,1950-1985,35,26.6,15.9,21.25,10.700000000000001
Tura,December,1950-1985,35,23.8,12.9,18.35,10.9
Udaipur (Dabok),January,1965-2000,36,24.3,7.0,15.65,17.3
Udaipur (Dabok),February,1965-2000,36,27.0,9.3,18.15,17.7
Udaipur (Dabok),March,1965-2000,36,32.6,14.6,23.6,18.0
Udaipur (Dabok),April,1965-2000,36,37.3,20.2,28.75,17.099999999999998
Udaipur (Dabok),May,1965-2000,36,39.7,25.0,32.35,14.700000000000003
Udaipur (Dabok),June,1965-2000,36,37.3,26.1,31.7,11.199999999999996
Udaipur (Dabok),July,1965-2000,36,32.0,24.5,28.25,7.5
Udaipur (Dabok),August,1965-2000,36,30.2,23.2,26.7,7.0
Udaipur (Dabok),September,1965-2000,36,32.3,21.4,26.849999999999998,10.899999999999999
Udaipur (Dabok),October,1965-2000,36,33.4,16.9,25.15,16.5
Udaipur (Dabok),November,1965-2000,36,29.4,11.8,20.6,17.599999999999998
Udaipur (Dabok),December,1965-2000,36,25.5,7.8,16.65,17.7
Uthagamandalam,January,1901-2000,87,20.3,5.6,12.95,14.700000000000001
Uthagamandalam,February,1901-2000,87,20.9,6.5,13.7,14.399999999999999
Uthagamandalam,March,1901-2000,87,22.2,8.8,15.5,13.399999999999999
Uthagamandalam,April,1901-2000,87,22.6,10.7,16.65,11.900000000000002
Uthagamandalam,May,1901-2000,87,22.0,11.4,16.7,10.6
Uthagamandalam,June,1901-2000,87,18.3,11.2,14.75,7.100000000000001
Uthagamandalam,July,1901-2000,87,16.9,11.0,13.95,5.899999999999999
Uthagamandalam,August,1901-2000,87,17.4,10.9,14.149999999999999,6.499999999999998
Uthagamandalam,September,1901-2000,87,18.5,10.4,14.45,8.1
Uthagamandalam,October,1901-2000,87,18.8,10.1,14.45,8.700000000000001
Uthagamandalam,November,1901-2000,87,18.7,8.6,13.649999999999999,10.1
Uthagamandalam,December,1901-2000,87,19.7,6.7,13.2,13.0
Varanasi (Babatpur),January,1952-2000,48,23.2,8.8,16.0,14.399999999999999
Varanasi (Babatpur),February,1952-2000,48,26.7,11.3,19.0,15.399999999999999
Varanasi (Babatpur),March,1952-2000,48,33.0,16.3,24.65,16.7
Varanasi (Babatpur),April,1952-2000,48,38.8,22.0,30.4,16.799999999999997
Varanasi (Babatpur),May,1952-2000,48,40.9,26.2,33.55,14.7
Varanasi (Babatpur),June,1952-2000,48,38.8,27.9,33.349999999999994,10.899999999999999
Varanasi (Babatpur),July,1952-2000,48,33.8,26.4,30.099999999999998,7.399999999999999
Varanasi (Babatpur),August,1952-2000,48,32.8,26.0,29.4,6.799999999999997
Varanasi (Babatpur),September,1952-2000,48,32.7,25.0,28.85,7.700000000000003
Varanasi (Babatpur),October,1952-2000,48,32.7,20.7,26.700000000000003,12.000000000000004
Varanasi (Babatpur),November,1952-2000,48,29.3,14.1,21.7,15.200000000000001
Varanasi (Babatpur),December,1952-2000,48,24.6,9.6,17.1,15.000000000000002
Vijayawada,January,1978-1993,14,30.2,18.6,24.4,11.599999999999998
Vijayawada,February,1978-1993,14,32.7,20.6,26.650000000000002,12.100000000000001
Vijayawada,March,1978-1993,14,35.6,23.3,29.450000000000003,12.3
Vijayawada,April,1978-1993,14,38.2,26.2,32.2,12.000000000000004
Vijayawada,May,1978-1993,14,39.9,27.8,33.85,12.099999999999998
Vijayawada,June,1978-1993,14,37.2,26.9,32.05,10.300000000000004
Vijayawada,July,1978-1993,14,33.7,25.0,29.35,8.700000000000003
Vijayawada,August,1978-1993,14,33.1,25.0,29.05,8.100000000000001
Vijayawada,September,1978-1993,14,32.4,24.5,28.45,7.899999999999999
Vijayawada,October,1978-1993,14,32.4,23.2,27.799999999999997,9.2
Vijayawada,November,1978-1993,14,31.0,20.9,25.95,10.100000000000001
Vijayawada,December,1978-1993,14,30.3,19.7,25.0,10.600000000000001
Vishakhapatnam,January,1968-2000,29,27.7,20.6,24.15,7.099999999999998
Vishakhapatnam,February,1968-2000,29,29.2,22.2,25.7,7.0
Vishakhapatnam,March,1968-2000,29,30.8,24.4,27.6,6.400000000000002
Vishakhapatnam,April,1968-2000,29,31.8,26.3,29.05,5.5
Vishakhapatnam,May,1968-2000,29,33.1,27.5,30.3,5.600000000000001
Vishakhapatnam,June,1968-2000,29,32.8,27.4,30.099999999999998,5.399999999999999
Vishakhapatnam,July,1968-2000,29,31.2,26.2,28.7,5.0
Vishakhapatnam,August,1968-2000,29,31.3,26.0,28.65,5.300000000000001
Vishakhapatnam,September,1968-2000,29,31.3,25.8,28.55,5.5
Vishakhapatnam,October,1968-2000,29,31.1,24.9,28.0,6.200000000000003
Vishakhapatnam,November,1968-2000,29,29.6,23.1,26.35,6.5
Vishakhapatnam,December,1968-2000,29,27.9,20.9,24.4,7.0
