Sl. No.,State/UT,2015-16,2016-17,2017-18,2018-19,2019-20
1,Andhra Pradesh,2713,2015,1738,1689,1559
2,Bihar,831,790,840,850,850
3,Chhattisgarh,1625,1660,1685,1770,1672
4,Goa,48,22,24,25,30
5,Gujarat,1980,1713,1692,1608,1784
6,Haryana,4100,4050,4025,4015,4200
7,Himachal Pradesh,450,341,467,322,881
8,Jharkhand,493,541,619,646,681
9,Karnataka,1434,1288,1502,1524,1568
10,Kerala,1123,895,1067,995,656
11,Madhya Pradesh,732,694,502,540,540
12,Maharashtra,11665,13496,15568,11746,12783
13,Orissa,994,1050,1633,1609,1115
14,Punjab,5743,5843,5835,5543,4995
15,Rajasthan,2475,2269,2307,2290,2088
16,Tamil Nadu,2096,2092,1929,1901,2225
17,Telangana,993,3436,4866,4894,4915
18,Uttar Pradesh,10457,10614,10824,11049,12217
19,Uttarakhand,217,198,210,195,224
20,West Bengal,3712,2624,2982,3190,3630
Sub Total,Sub Total,53881,55631,60316,56402,58613
21,North-Eastern - Arunachal Pradesh,17,18,NA,5,5
22,North-Eastern - Assam,185,306,241,256,410
23,North-Eastern - Manipur,30,33,27,NA,25
24,North-Eastern - Meghalaya,Organic State,Organic State,Organic State,Organic State,Organic State
25,North-Eastern - Mizoram,NA,9,NA,26,27
26,North-Eastern - Nagaland,20,20,20,21,19
27,North-Eastern - Sikkim,Organic State,Organic State,Organic Stat,Organic State,Organic State
28,North-Eastern - Tripura,293,298,330,349,364
Sub Total (North-Eastern),Sub Total (North-Eastern),544,684,617,657,851
29,UT - Andaman & Nicobar Islands,NA,NA,NA,NA,NA
30,UT - Chandigarh,NA,NA,NA,NA,NA
31,UT - Dadra & Nagar Haveli,NA,NA,NA,NA,NA
32,UT - Daman & Diu,NA,NA,NA,NA,NA
33,UT - Delhi,NA,88,NA,110,NA
34,UT - Jammu & Kashmir,2251,2188,2430,2459,2198
35,UT - Ladakh,NA,NA,NA,NA,NA
36,UT - Lakshadweep,NA,NA,NA,NA,NA
37,UT - Pondicherry*,43,43,43,42,40
Sub Total (UT),Sub Total (UT),2295,2319,2473,2611,2238
Grand Total,Grand Total,56720,58634,63406,59670,61702
